角色名,光锥名称,推荐度,基础属性,光锥效果
Archer,理想燃烧的地狱,★★★★★,生953 攻582 防529,赤原猎兵使装备者的暴击率提高【16%/20%/24%/28%/32%】。进入战斗时，若我方的战技点上限大于等于6点，使装备者的攻击力提高【40%/50%/60%/70%/80%】。装备者每次施放战技后，使装备者的攻击力提高【10%/12.5%/15%/17.5%/20%】，最多叠加4次。
Archer,如泥酣眠,★★★★★,生1058 攻582 防463,美梦使装备者的暴击伤害提高【30%/35%/40%/45%/50%】。当装备者的普攻或战技伤害未造成暴击时，使自身暴击率提高【36%/42%/48%/54%/60%】，持续1回合。该效果每3回合可以触发1次。
Archer,我将，巡征追猎,★★★★★,生952 攻635 防463,震慑使装备者的暴击率提高【15.0%/17.5%/20.0%/22.5%/25.0%】。装备者施放追加攻击时，获得1层【流光】，最多叠加2层。每层【流光】使装备者造成的终结技伤害无视目标【27%/30%/33%/36%/39%】的防御力。装备者回合结束时，移除1层【流光】。
Archer,星海巡航,★★★★★,生952 攻529 防463,猎逐使装备者的暴击率提高【8%/10%/12%/14%/16%】，装备者对生命值百分比小于等于50%的敌方目标暴击率额外提高【8%/10%/12%/14%/16%】。当装备者消灭敌方目标后，攻击力提高【20%/25%/30%/35%/40%】，持续2回合。
Saber,没有回报的加冕,★★★★★,生952 攻582 防529,骑士之王使装备者的暴击伤害提高【36%/45%/54%/63%/72%】。施放终结技时，使装备者的攻击力提高【40%/50%/60%/70%/80%】，若装备者的能量上限大于等于300点，为装备者固定恢复等同于装备者能量上限10%的能量，并使装备者的攻击力提高【40%/50%/60%/70%/80%】，持续2回合。
Saber,比阳光更明亮的,★★★★★,生1058 攻635 防396,抵死使装备者的暴击率提高【18%/21%/24%/27%/30%】。当装备者施放普攻时，获得1层【龙吟】，持续2回合。每层【龙吟】使装备者的攻击力提高【18%/21%/24%/27%/30%】，能量恢复效率提高【6.0%/7.0%/8.0%/9.0%/10.0%】。【龙吟】最多叠加2层。
Saber,记一位星神的陨落,★★★★,生1058 攻529 防396,扑火当装备者施放攻击时，使装备者本场战斗中的攻击力提高【8%/10%/12%/14%/16%】，该效果最多叠加4层。当装备者击破敌方目标弱点后，造成的伤害提高【12%/15%/18%/21%/24%】，持续2回合。
Saber,一行往日的血,★★★★,生1058 攻529 防330,厮杀使装备者的暴击率提高【12%/14%/16%/18%/20%】。装备者造成的战技和终结技伤害提高【24%/28%/32%/36%/40%】。
万敌,血火啊，燃烧前路,★★★★★,生1376 攻476 防397,"远望使装备者的生命上限提高【18%/21%/24%/27%/30%】，受到的治疗量提高【20%/25%/30%/35%/40%】，施放战技或终结技时消耗等同于自身【6%/6.5%/7%/7.5%/8%】生命上限的生命值，并使本次攻击造成的伤害提高【30%/35%/40%/45%/50%】，若该效果消耗的生命值高于500点，可使伤害额外提高【30%/35%/40%/45%/50%】。
若当前生命值不足，该效果最多使装备者的当前生命值降低至1点。"
万敌,到不了的彼岸,★★★★,生1270 攻582 防330,不得使装备者的暴击率提高【18%/21%/24%/27%/30%】，生命上限提高【18%/21%/24%/27%/30%】。当装备者受到攻击或装备者消耗自身生命值后，造成的伤害提高【24%/28%/32%/36%/40%】，该效果在装备者施放攻击后解除。
万敌,忍事录•音律狩猎,★★★★,生1058 攻476 防264,开演！使装备者的生命上限提高【12%/15%/18%/21%/24%】，损失或回复自身生命值后，暴击伤害提高【18.0%/22.5%/27.0%/31.5%/36.0%】，持续2回合，该效果每回合只可触发1次。
万敌,在火的远处,★★★★,生1058 攻476 防264,爆燃当装备者在单次受到攻击中累计损失的生命值超过最大生命值的25%，或单次消耗自身生命值超过最大生命值的25%，则立即回复等同于装备者生命上限15%的生命值，同时使装备者造成的伤害提高【25%/31%/37%/43%/50%】，持续2回合。该效果每3回合只能触发1次。
三月七,命运从未公平,★★★★★,生1058 攻423 防661,全下使装备者的防御力提高【40%/46%/52%/58%/64%】，当装备者为我方目标提供护盾时，使装备者的暴击伤害提高【40%/46%/52%/58%/64%】，持续2回合。当装备者发动追加攻击击中敌方目标时，有【100%/115%/130%/145%/160%】的基础概率使受到攻击的敌方目标受到的伤害提高【10.0%/11.5%/13.0%/14.5%/16.0%】，持续2回合。
三月七,制胜的瞬间,★★★★★,生1058 攻476 防595,决断使装备者的防御力提高【24%/28%/32%/36%/40%】，效果命中提高【24%/28%/32%/36%/40%】，同时使自身受到攻击的概率提高。当装备者受到攻击后，防御力额外提高【24%/28%/32%/36%/40%】，持续到自身回合结束。
三月七,记忆的质料,★★★★,生1058 攻423 防529,珍存使装备者的效果抵抗提高【8%/10%/12%/14%/16%】，当装备者受到攻击后，如果自身未持有护盾，则获得1个等同于装备者【16%/20%/24%/28%/32%】生命上限的护盾，持续2回合。该效果每3回合只能触发1次。如果装备者持有护盾，则使自身受到的伤害降低【12%/15%/18%/21%/24%】。
三月七,余生的第一天,★★★★,生952 攻370 防463,此刻定格使装备者的防御力提高【16%/18%/20%/22%/24%】。进入战斗后，使我方全体的全属性抗性提高【8%/9%/10%/11%/12%】。同类技能无法重复生效。
三月七,朗道的选择,★★★★,生952 攻423 防396,时光如梭使装备者受到攻击的概率提高，同时受到的伤害降低【16%/18%/20%/22%/24%】。
不死途,一场谎言的终幕,★★★★★,生847 攻635 防529,吞没使装备者的暴击率提高【18%/21%/24%/27%/30%】。战斗开始时或装备者每累计施放4次追加攻击，使装备者获得【影噬】，持续3回合。当装备者持有【影噬】时，攻击力提高【40%/50%/60%/70%/80%】，并使敌方全体受到的伤害提高【20%/22.5%/25%/27.5%/30%】，同类效果无法叠加。
不死途,纯粹思维的洗礼,★★★★★,生952 攻582 防529,思想训练使装备者的暴击伤害提高【20%/23%/26%/29%/32%】。敌方目标每承受1个负面效果，装备者对其造成的暴击伤害额外提高【8%/9%/10%/11%/12%】，最多叠加3层。施放终结技攻击敌方目标时，使装备者获得【论辩】效果，造成的伤害提高【36%/42%/48%/54%/60%】，追加攻击无视目标【24%/28%/32%/36%/40%】的防御力，该效果持续2回合。
不死途,烦恼着，幸福着,★★★★★,生1058 攻582 防463,一个一个来使装备者暴击率提高【18%/21%/24%/27%/30%】，追加攻击造成的伤害提高【30%/35%/40%/45%/50%】。装备者施放追加攻击后，使目标陷入【温驯】状态，该效果最多叠加2层。我方目标击中【温驯】状态下的敌方目标时，每层【温驯】使造成的暴击伤害提高【12%/14%/16%/18%/20%】。
不死途,星海巡航,★★★★,生952 攻529 防463,猎逐使装备者的暴击率提高【8%/10%/12%/14%/16%】，装备者对生命值百分比小于等于50%的敌方目标暴击率额外提高【8%/10%/12%/14%/16%】。当装备者消灭敌方目标后，攻击力提高【20%/25%/30%/35%/40%】，持续2回合。
丹恒,于夜色中,★★★★★,生1058 攻582 防463,花与蝶使装备者的暴击率提高【18%/21%/24%/27%/30%】。当装备者在战斗中速度大于100时，每超过10点，普攻和战技造成的伤害提高【6%/7%/8%/9%/10%】，同时终结技的暴击伤害提高【12%/14%/16%/18%/20%】，该效果可叠加6层。
丹恒,论剑,★★★★★,生952 攻476 防330,各自的答案当装备者多次击中同一敌方目标时，每次造成的伤害提高【8%/10%/12%/14%/16%】，该效果最多叠加5层。若攻击目标发生变化，立即解除当前的增益效果。
丹恒,星海巡航,★★★★★,生952 攻529 防463,猎逐使装备者的暴击率提高【8%/10%/12%/14%/16%】，装备者对生命值百分比小于等于50%的敌方目标暴击率额外提高【8%/10%/12%/14%/16%】。当装备者消灭敌方目标后，攻击力提高【20%/25%/30%/35%/40%】，持续2回合。
丹恒,如泥酣眠,★★★★★,生1058 攻582 防463,美梦使装备者的暴击伤害提高【30%/35%/40%/45%/50%】。当装备者的普攻或战技伤害未造成暴击时，使自身暴击率提高【36%/42%/48%/54%/60%】，持续1回合。该效果每3回合可以触发1次。
丹恒•腾荒,纵然山河万程,★★★★★,生1058 攻582 防463,新鳞使装备者的攻击力提高【64%/80%/96%/112%/128%】。装备者施放终结技时，为我方全体回复等同于装备者攻击力【10%/12%/15%/17%/20%】的生命值，额外为当前生命值最低的角色回复等同于装备者攻击力【10%/12%/15%/17%/20%】的生命值，并使我方全体获得【卫戍】，【卫戍】持续3回合。获得【卫戍】的目标，造成的伤害提高【24%/30%/36%/42%/48%】，若目标拥有召唤物则造成的伤害额外提高【12%/15%/18%/21%/24%】。
丹恒•腾荒,命运从未公平,★★★★,生1058 攻423 防661,全下使装备者的防御力提高【40%/46%/52%/58%/64%】，当装备者为我方目标提供护盾时，使装备者的暴击伤害提高【40%/46%/52%/58%/64%】，持续2回合。当装备者发动追加攻击击中敌方目标时，有【100%/115%/130%/145%/160%】的基础概率使受到攻击的敌方目标受到的伤害提高【10.0%/11.5%/13.0%/14.5%/16.0%】，持续2回合。
丹恒•腾荒,愿旅途永远坦然,★★★★,生1058 攻370 防529,甜梦使装备者提供的护盾量提高【12%/15%/18%/21%/24%】，我方目标持有护盾时，造成的伤害提高【12%/14%/16%/18%/20%】。
丹恒•腾荒,任意高攻光锥，如比阳光更明亮的,★★★★,生1058 攻635 防396,抵死使装备者的暴击率提高【18%/21%/24%/27%/30%】。当装备者施放普攻时，获得1层【龙吟】，持续2回合。每层【龙吟】使装备者的攻击力提高【18%/21%/24%/27%/30%】，能量恢复效率提高【6.0%/7.0%/8.0%/9.0%/10.0%】。【龙吟】 最多叠加2层。
丹恒•饮月,比阳光更明亮的,★★★★★,生1058 攻635 防396,抵死使装备者的暴击率提高【18%/21%/24%/27%/30%】。当装备者施放普攻时，获得1层【龙吟】，持续2回合。每层【龙吟】使装备者的攻击力提高【18%/21%/24%/27%/30%】，能量恢复效率提高【6.0%/7.0%/8.0%/9.0%/10.0%】。【龙吟】 最多叠加2层。
丹恒•饮月,记一位星神的陨落,★★★★★,生1058 攻529 防396,扑火当装备者施放攻击时，使装备者本场战斗中的攻击力提高【8%/10%/12%/14%/16%】，该效果最多叠加4层。当装备者击破敌方目标弱点后，造成的伤害提高【12%/15%/18%/21%/24%】，持续2回合。
丹恒•饮月,在蓝天下,★★★★,生952 攻476 防330,暖阳麦浪使装备者攻击力提高【16%/20%/24%/28%/32%】，消灭敌方目标后，暴击率提高【12%/15%/18%/21%/24%】，持续3回合。
乱破,忍法帖•缭乱破魔,★★★★★,生953 攻582 防529,除邪使装备者的击破特攻提高【60%/70%/80%/90%/100%】。进入战斗时立即恢复【30.0/32.5/35.0/37.5/40.0】点能量，且装备者施放终结技后获得【雷遁】，施放2次普攻后，装备者行动提前【50%/55%/60%/65%/70%】，并移除【雷遁】。装备者施放终结技后会重置【雷遁】。
乱破,谐乐静默之后,★★★★,生846 攻476 防396,沉寂使装备者的击破特攻提高【28%/35%/42%/49%/56%】。装备者施放终结技后，速度提高【8%/10%/12%/14%/16%】，持续2回合。
乱破,不息的演算,★★★★★,生1058 攻529 防396,无界之思使装备者的攻击力提高【8%/9%/10%/11%/12%】。施放攻击后，每击中一名敌方目标，使攻击力额外提高【4%/5%/6%/7%/8%】，该效果最多叠加5次，持续至下次攻击后，若击中大于等于3名敌方目标，使自身速度提高【8%/10%/12%/14%/16%】，持续1回合。
乱破,银河铁道之夜,★★★★★,生1164 攻582 防396,流星群场上每有1个敌方目标，使装备者的攻击力提高【9.0%/10.5%/12.0%/13.5%/15.0%】，该效果最多叠加5层。当有敌方目标的弱点被击破时，装备者造成的伤害提高【30%/35%/40%/45%/50%】，持续1回合。
云璃,落日时起舞,★★★★★,生1058 攻582 防463,沉酣使装备者受到攻击的概率大幅提高，暴击伤害提高【36%/42%/48%/54%/60%】。当装备者施放终结技后，获得1层【火舞】，持续2回合，最多叠加2层。每层【火舞】使装备者追加攻击造成的伤害提高【36%/42%/48%/54%/60%】。
云璃,记一位星神的陨落,★★★★,生1058 攻529 防396,扑火当装备者施放攻击时，使装备者本场战斗中的攻击力提高【8%/10%/12%/14%/16%】，该效果最多叠加4层。当装备者击破敌方目标弱点后，造成的伤害提高【12%/15%/18%/21%/24%】，持续2回合。
云璃,无可取代的东西,★★★★,生1164 攻582 防396,家人使装备者的攻击力提高【24%/28%/32%/36%/40%】。当装备者消灭敌方目标或受到攻击后，立即回复等同于装备者攻击力【8%/9%/10%/11%/12%】的生命值，同时造成的伤害提高【24%/28%/32%/36%/40%】，持续到自身下个回合结束。该效果不可叠加，每回合只可触发1次。
云璃,鼹鼠党欢迎你,★★★★,生1058 攻476 防264,奇妙冒险装备者施放普攻、战技或终结技攻击敌方目标后，分别获取一层【淘气值】。每层使装备者的攻击力提高【12%/15%/18%/21%/24%】。
仙舟三月七,烦恼着，幸福着,★★★★★,生1058 攻582 防463,一个一个来使装备者暴击率提高【18%/21%/24%/27%/30%】，追加攻击造成的伤害提高【30%/35%/40%/45%/50%】。装备者施放追加攻击后，使目标陷入【温驯】状态，该效果最多叠加2层。我方目标击中【温驯】状态下的敌方目标时，每层【温驯】使造成的暴击伤害提高【12%/14%/16%/18%/20%】。
仙舟三月七,星海巡航,★★★★★,生952 攻529 防463,猎逐使装备者的暴击率提高【8%/10%/12%/14%/16%】，装备者对生命值百分比小于等于50%的敌方目标暴击率额外提高【8%/10%/12%/14%/16%】。当装备者消灭敌方目标后，攻击力提高【20%/25%/30%/35%/40%】，持续2回合。
仙舟三月七,如泥酣眠,★★★★★,生1058 攻582 防463,美梦使装备者的暴击伤害提高【30%/35%/40%/45%/50%】。当装备者的普攻或战技伤害未造成暴击时，使自身暴击率提高【36%/42%/48%/54%/60%】，持续1回合。该效果每3回合可以触发1次。
仙舟三月七,于夜色中,★★★★★,生1058 攻582 防463,花与蝶使装备者的暴击率提高【18%/21%/24%/27%/30%】。当装备者在战斗中速度大于100时，每超过10点，普攻和战技造成的伤害提高【6%/7%/8%/9%/10%】，同时终结技的暴击伤害提高【12%/14%/16%/18%/20%】，该效果可叠加6层。
仙舟三月七,论剑,★★★★,生952 攻476 防330,各自的答案当装备者多次击中同一敌方目标时，每次造成的伤害提高【8%/10%/12%/14%/16%】，该效果最多叠加5层。若攻击目标发生变化，立即解除当前的增益效果。
仙舟三月七,春水初生,★★★★,生952 攻476 防330,驱散余寒进入战斗后，使装备者速度提高【8%/9%/10%/11%/12%】，造成的伤害提高【12%/15%/18%/21%/24%】。当装备者受到伤害后该效果失效，下个回合结束时该效果恢复。
佩拉,新手任务开始前,★★★★★,生952 攻476 防330,眼疾手快使装备者的效果命中提高【20%/25%/30%/35%/40%】。当装备者攻击防御力被降低的敌方目标后，恢复【4/5/6/7/8】点能量。
佩拉,雨一直下,★★★★★,生1058 攻582 防463,幻影现实使装备者的效果命中提高【24%/28%/32%/36%/40%】。当装备者对同时处于大于等于3个负面效果的敌方目标造成伤害时，暴击率提高【12%/14%/16%/18%/20%】。装备者施放普攻、战技、终结技后，有100%的基础概率对随机1个未持有【以太编码】的受击目标施加【以太编码】。持有【以太编码】的目标受到的伤害提高【12%/14%/16%/18%/20%】，持续1回合。
佩拉,决心如汗珠般闪耀,★★★★,生952 攻476 防330,回眸当装备者击中敌方目标时，如果该目标不处于【攻陷】状态，则有【60%/70%/80%/90%/100%】的基础概率使其陷入【攻陷】状态。【攻陷】状态下的敌方目标防御力降低【12%/13%/14%/15%/16%】，持续1回合。
佩拉,晚安与睡颜,★★★★,生952 攻476 防330,劳碌者敌方目标每承受1个负面效果，装备者对其造成的伤害提高【12%/15%/18%/21%/24%】，最多叠加3层。该效果对持续伤害也会生效。
停云,但战斗还未结束,★★★★★,生1164 攻529 防463,继承人使装备者的能量恢复效率提高【10%/12%/14%/16%/18%】，并在对我方目标施放终结技时恢复1个战技点。该效果每施放2次终结技可触发1次。当装备者施放战技后，使下一个行动的我方其他目标造成的伤害提高【30%/35%/40%/45%/50%】，持续1回合。
停云,镂月裁云之意,★★★★★,生952 攻476 防330,"秘密在战斗开始时以及当装备者回合开始时，随机生效1个效果。该效果生效时，替换上次的效果且本次不会与上次重复。效果包含：使我方全体攻击力提高【10%/12%/15%/17%/20%】；使我方全体暴击伤害提高【12%/15%/18%/21%/24%】；使我方全体能量恢复效率提高【6%/7%/9%/10%/12%】。同类效果无法叠加,在装备者陷入无法战斗状态时解除。"
停云,与行星相会,★★★★,生1058 攻423 防330,启程进入战斗后，当我方目标造成与装备者相同属性的伤害时，造成的伤害提高【12%/15%/18%/21%/24%】。
停云,记忆中的模样,★★★★,生952 攻423 防396,老相片使装备者的击破特攻提高【28%/35%/42%/49%/56%】。装备者施放攻击后，额外恢复【4/5/6/7/8】点能量，该效果单个回合内不可重复触发。
停云,舞！舞！舞！,★★★★,生952 攻423 防396,停不下来啦！当装备者施放终结技后，我方全体行动提前【16%/18%/20%/22%/24%】。
克拉拉,无可取代的东西,★★★★★,生1164 攻582 防396,家人使装备者的攻击力提高【24%/28%/32%/36%/40%】。当装备者消灭敌方目标或受到攻击后，立即回复等同于装备者攻击力【8%/9%/10%/11%/12%】的生命值，同时造成的伤害提高【24%/28%/32%/36%/40%】，持续到自身下个回合结束。该效果不可叠加，每回合只可触发1次。
克拉拉,落日时起舞,★★★★★,生1058 攻582 防463,沉酣使装备者受到攻击的概率大幅提高，暴击伤害提高【36%/42%/48%/54%/60%】。当装备者施放终结技后，获得1层【火舞】，持续2回合，最多叠加2层。每层【火舞】使装备者追加攻击造成的伤害提高【36%/42%/48%/54%/60%】。
克拉拉,比阳光更明亮的,★★★★★,生1058 攻635 防396,抵死使装备者的暴击率提高【18%/21%/24%/27%/30%】。当装备者施放普攻时，获得1层【龙吟】，持续2回合。每层【龙吟】使装备者的攻击力提高【18%/21%/24%/27%/30%】，能量恢复效率提高【6.0%/7.0%/8.0%/9.0%/10.0%】。【龙吟】最多叠加2层。
克拉拉,记一位星神的陨落,★★★★,生1058 攻529 防396,扑火当装备者施放攻击时，使装备者本场战斗中的攻击力提高【8%/10%/12%/14%/16%】，该效果最多叠加4层。当装备者击破敌方目标弱点后，造成的伤害提高【12%/15%/18%/21%/24%】，持续2回合。
克拉拉,秘密誓心,★★★★,生1058 攻476 防264,竭力而为使装备者造成的伤害提高【20%/25%/30%/35%/40%】，同时对当前生命值百分比大于等于装备者自身当前生命值百分比的敌方目标造成的伤害额外提高【20%/25%/30%/35%/40%】。
刃,到不了的彼岸,★★★★★,生1270 攻582 防330,不得使装备者的暴击率提高【18%/21%/24%/27%/30%】，生命上限提高【18%/21%/24%/27%/30%】。当装备者受到攻击或装备者消耗自身生命值后，造成的伤害提高【24%/28%/32%/36%/40%】，该效果在装备者施放攻击后解除。
刃,秘密誓心,★★★★,生1058 攻476 防264,竭力而为使装备者造成的伤害提高【20%/25%/30%/35%/40%】，同时对当前生命值百分比大于等于装备者自身当前生命值百分比的敌方目标造成的伤害额外提高【20%/25%/30%/35%/40%】。
刃,无可取代的东西,★★★,生1164 攻582 防396,家人使装备者的攻击力提高【24%/28%/32%/36%/40%】。当装备者消灭敌方目标或受到攻击后，立即回复等同于装备者攻击力【8%/9%/10%/11%/12%】的生命值，同时造成的伤害提高【24%/28%/32%/36%/40%】，持续到自身下个回合结束。该效果不可叠加，每回合只可触发1次。
刃,忍事录•音律狩猎,★★★★,生1058 攻476 防264,开演！使装备者的生命上限提高【12%/15%/18%/21%/24%】，损失或回复自身生命值后，暴击伤害提高【18.0%/22.5%/27.0%/31.5%/36.0%】，持续2回合，该效果每回合只可触发1次。
刻律德菈,金血铭刻的时代,★★★★★,生952 攻635 防463,征服使装备者的攻击力提高【64%/80%/96%/112%/128%】。施放终结技攻击后恢复1个战技点，装备者对我方单体角色施放战技后，使目标造成的战技伤害提高【54%/67.5%/81%/94.5%/108%】，持续3回合。
刻律德菈,夜色流光溢彩,★★★★★,生952 攻635 防463,抚慰我方角色每次攻击时，使装备者获得1层【歌咏】，每层【歌咏】使装备者的能量恢复效率提高【3.0%/3.5%/4.0%/4.5%/5.0%】，最多叠加5层。装备者施放终结技时，移除【歌咏】并获得【华彩】，【华彩】使装备者的攻击力提高【48%/60%/72%/84%/96%】，使我方全体造成的伤害提高【24%/28%/32%/36%/40%】，持续1回合。
刻律德菈,永远的迷境饭,★★★★,生952 攻476 防330,真香使装备者的攻击力提高【16%/20%/24%/28%/32%】。装备者施放战技后，攻击力提高【8%/10%/12%/14%/16%】，该效果最多叠加3层。
刻律德菈,舞！舞！舞！,★★★★,生952 攻423 防396,停不下来啦！当装备者施放终结技后，我方全体行动提前【16%/18%/20%/22%/24%】。
加拉赫,惊魂夜,★★★★★,生1164 攻476 防529,深度深呼吸使装备者的能量恢复效率提高【12%/14%/16%/18%/20%】。我方目标施放终结技时，装备者为当前生命值百分比最低的我方目标回复等同于其【10%/11%/12%/13%/14%】生命上限的生命值。当装备者为我方目标提供治疗时，使该目标的攻击力提高【2.4%/2.8%/3.2%/3.6%/4.0%】，该效果最多叠加5层，持续2回合。
加拉赫,一场术后对话,★★★★,生1058 攻423 防330,互相治愈使装备者的能量恢复效率提高【8%/10%/12%/14%/16%】，并在施放终结技时治疗量提高【12%/15%/18%/21%/24%】。
加拉赫,何物为真,★★★★,生1058 攻423 防330,假设使装备者的击破特攻提高【24%/30%/36%/42%/48%】。施放普攻后，装备者回复等同于【2.0%/2.5%/3.0%/3.5%/4.0%】生命上限+800点的生命值。
加拉赫,此时恰好,★★★★,生952 攻423 防396,折射的视线使装备者的效果抵抗提高【16%/20%/24%/28%/32%】，并使装备者的治疗量提高，提高数值等同于效果抵抗的【33%/36%/39%/42%/45%】，最多使治疗量提高【15%/18%/21%/24%/27%】。
千冶•刃,灼尽炼狱的新骸,★★★★★,生1376 攻423 防463,淬炼使装备者的生命上限提高【30%/37.5%/45%/52.5%/60%】，装备者回合开始时，固定恢复20点能量，该效果每个波次可触发1次。装备者施放战技攻击后，使目标陷入【炼狱】状态，持续2回合，【炼狱】状态下目标受到的暴击伤害提高【30%/37.5%/45%/52.5%/60%】，受到来自装备者的暴击伤害额外提高【30%/37.5%/45%/52.5%/60%】。
千冶•刃,新手任务开始前,★★★★,生952 攻476 防330,眼疾手快使装备者的效果命中提高【20%/25%/30%/35%/40%】。当装备者攻击防御力被降低的敌方目标后，恢复【4/5/6/7/8】点能量。
千冶•刃,决心如汗珠般闪耀,★★★★,生952 攻476 防330,回眸当装备者击中敌方目标时，如果该目标不处于【攻陷】状态，则有【60%/70%/80%/90%/100%】的基础概率使其陷入【攻陷】状态。【攻陷】状态下的敌方目标防御力降低【12%/13%/14%/15%/16%】，持续1回合。
千冶•刃,假日浴场大冒险,★★★★,生1058 攻529 防330,冷静一下使装备者造成的伤害提高【16%/20%/24%/28%/32%】。装备者攻击后，有100%基础概率使受到攻击的目标陷入易伤状态，受到的伤害提高【10%/11.5%/13%/14.5%/16%】，持续2回合。同类效果无法叠加。
千冶•刃,谎言在风中飘扬,★★★★,生952 攻582 防529,欺瞒使装备者的速度提高【18%/21%/24%/27%/30%】。装备者施放攻击后，有120%的基础概率使敌方每个单体目标陷入【茫然】状态，【茫然】状态下的敌方目标防御力降低【16%/18%/20%/22%/24%】，持续2回合，若装备者的速度大于等于170，有120%的基础概率使敌方每个单体目标陷入【失窃】状态，【失窃】状态下的敌方目标防御力降低【8%/9%/10%/11%/12%】，持续2回合。【茫然】或【失窃】被重复施加时，仅最新施加的生效。
卡芙卡,只需等待,★★★★★,生1058 攻582 防463,"蜘蛛的网使装备者造成的伤害提高【24%/28%/32%/36%/40%】。装备者每次施放攻击后，速度提高【4.8%/5.6%/6.4%/7.2%/8.0%】，最多叠加3层。
当装备者击中敌方目标时，如果该目标不处于【游丝】状态，则有100%的基础概率使其陷入【游丝】状态。当敌方目标处于【游丝】状态时，也会被视为陷入了触电状态。【游丝】状态下，敌方目标每回合开始时受到等同于装备者【60%/70%/80%/90%/100%】攻击力的雷属性持续伤害，持续1回合。"
卡芙卡,孤独的疗愈,★★★★★,生1058 攻529 防396,混沌灵药使装备者的击破特攻提高【20%/25%/30%/35%/40%】。当装备者施放终结技时，使装备者造成的持续伤害提高【24%/30%/36%/42%/48%】，持续2回合。陷入装备者施加的持续伤害效果的敌方目标被消灭时，装备者恢复【4.0/4.5/5.0/5.5/6.0】点能量。
卡芙卡,晚安与睡颜,★★★★,生952 攻476 防330,劳碌者敌方目标每承受1个负面效果，装备者对其造成的伤害提高【12%/15%/18%/21%/24%】，最多叠加3层。该效果对持续伤害也会生效。
卡芙卡,以世界之名,★★★★,生1058 攻582 防463,传承者使装备者对陷入负面效果的敌方目标造成的伤害提高【24%/28%/32%/36%/40%】。当装备者施放战技时，装备者此次攻击的效果命中提高【18%/21%/24%/27%/30%】，攻击力提高【24%/28%/32%/36%/40%】。
卢卡,以世界之名,★★★★★,生1058 攻582 防463,"传承者使装备者对陷入负面效果的敌方目标造成的伤害提高【24%/28%/32%/36%/40%】。当装备者施放战技时,装备者此次攻击的效果命中提高【18%/21%/24%/27%/30%】，攻击力提高【24%/28%/32%/36%/40%】。"
卢卡,雨一直下,★★★★★,生1058 攻582 防463,幻影现实使装备者的效果命中提高【24%/28%/32%/36%/40%】。当装备者对同时处于大于等于3个负面效果的敌方目标造成伤害时，暴击率提高【12%/14%/16%/18%/20%】。装备者施放普攻、战技、终结技后，有100%的基础概率对随机1个未持有【以太编码】的受击目标施加【以太编码】。持有【以太编码】的目标受到的伤害提高【12%/14%/16%/18%/20%】，持续1回合。
卢卡,晚安与睡颜,★★★★,生952 攻476 防330,劳碌者敌方目标每承受1个负面效果，装备者对其造成的伤害提高【12%/15%/18%/21%/24%】，最多叠加3层。该效果对持续伤害也会生效。
卢卡,孤独的疗愈,★★★★★,生1058 攻529 防396,混沌灵药使装备者的击破特攻提高【20%/25%/30%/35%/40%】。当装备者施放终结技时，使装备者造成的持续伤害提高【24%/30%/36%/42%/48%】，持续2回合。陷入装备者施加的持续伤害效果的敌方目标被消灭时，装备者恢复【4.0/4.5/5.0/5.5/6.0】点能量。
卢卡,只需等待,★★★★★,生1058 攻582 防463,"蜘蛛的网使装备者造成的伤害提高【24%/28%/32%/36%/40%】。装备者每次施放攻击后，速度提高【4.8%/5.6%/6.4%/7.2%/8.0%】，最多叠加3层。
当装备者击中敌方目标时，如果该目标不处于【游丝】状态，则有100%的基础概率使其陷入【游丝】状态。当敌方目标处于【游丝】状态时，也会被视为陷入了触电状态。【游丝】状态下，敌方目标每回合开始时受到等同于装备者【60%/70%/80%/90%/100%】攻击力的雷属性持续伤害，持续1回合。"
卢卡,猎物的视线,★★★★,生952 攻476 防330,自信使装备者的效果命中提高【20%/25%/30%/35%/40%】，同时造成的持续伤害提高【24%/30%/36%/42%/48%】。
吉尔伽美什,所见即我,★★★★★,生953 攻635 防463,随心使装备者的攻击力提高【18%/21%/24%/27%/30%】，能量恢复效率提高【10%/12.5%/15%/17.5%/20%】。装备者施放终结技时，每消耗1点能量值，使本次造成的终结技伤害提高【0.2%/0.25%/0.3%/0.35%/0.4%】，最多提高【72%/90%/108%/126%/144%】。装备者进入战斗或施放终结技时，使装备者获得【王之娱乐】，持续3回合。当装备者持有【王之娱乐】时，我方全体暴击伤害提高【24%/30%/36%/42%/48%】，同类效果无法叠加。
吉尔伽美什,没有回报的加冕,★★★★,生952 攻582 防529,骑士之王使装备者的暴击伤害提高【36%/45%/54%/63%/72%】。施放终结技时，使装备者的攻击力提高【40%/50%/60%/70%/80%】，若装备者的能量上限大于等于300点，为装备者固定恢复等同于装备者能量上限10%的能量，并使装备者的攻击力提高【40%/50%/60%/70%/80%】，持续2回合。
吉尔伽美什,记一位星神的陨落,★★★★,生1058 攻529 防396,扑火当装备者施放攻击时，使装备者本场战斗中的攻击力提高【8%/10%/12%/14%/16%】，该效果最多叠加4层。当装备者击破敌方目标弱点后，造成的伤害提高【12%/15%/18%/21%/24%】，持续2回合。
大丽花,勿忘她的火焰,★★★★★,生1164 攻529 防463,焚身使装备者的击破特攻提高【60%/75%/90%/105%/120%】。进入战斗时，使装备者和另一位开战的队友造成的击破伤害提高【32%/42%/52%/62%/72%】，若不存在开战的队友则对装备者和击破特攻最高的队友生效，同类效果无法叠加。装备者为敌方目标添加弱点时，恢复1个战技点，该效果最多触发1次，施放终结技时重置可触发次数。
大丽花,长路终有归途,★★★★★,生952 攻476 防661,"新生使装备者的击破特攻提高【60%/70%/80%/90%/100%】。当有敌方目标的弱点被击破时，有100%的基础概率使其陷入【焚灼】状态,受到的击破伤害提高【18%/21%/24%/27%/30%】，持续2回合，此效果可叠加2层。"
大丽花,谎言在风中飘扬,★★★★★,生952 攻582 防529,欺瞒使装备者的速度提高【18%/21%/24%/27%/30%】。装备者施放攻击后，有120%的基础概率使敌方每个单体目标陷入【茫然】状态，【茫然】状态下的敌方目标防御力降低【16%/18%/20%/22%/24%】，持续2回合，若装备者的速度大于等于170，有120%的基础概率使敌方每个单体目标陷入【失窃】状态，【失窃】状态下的敌方目标防御力降低【8%/9%/10%/11%/12%】，持续2回合。【茫然】或【失窃】被重复施加时，仅最新施加的生效。
大丽花,决心如汗珠般闪耀,★★★★★,生952 攻476 防330,回眸当装备者击中敌方目标时，如果该目标不处于【攻陷】状态，则有【60%/70%/80%/90%/100%】的基础概率使其陷入【攻陷】状态。【攻陷】状态下的敌方目标防御力降低【12%/13%/14%/15%/16%】，持续1回合。
大黑塔,向着不可追问处,★★★★★,生953 攻635 防463,思维游戏使装备者的暴击率提高【12%/14%/16%/18%/20%】。装备者施放终结技时，使装备者战技和终结技造成的伤害提高【60%/70%/80%/90%/100%】，持续3回合。装备者施放终结技后，若本次终结技消耗的能量大于等于140点，恢复1个战技点。
大黑塔,不息的演算,★★★★,生1058 攻529 防396,无界之思使装备者的攻击力提高【8%/9%/10%/11%/12%】。施放攻击后，每击中一名敌方目标，使攻击力额外提高【4%/5%/6%/7%/8%】，该效果最多叠加5次，持续至下次攻击后，若击中大于等于3名敌方目标，使自身速度提高【8%/10%/12%/14%/16%】，持续1回合。
大黑塔,今日亦是和平的一日,★★★★,生846 攻529 防330,风雨将至进入战斗后，根据装备者的能量上限，提高装备者造成的伤害：每点能量提高【0.20%/0.25%/0.30%/0.35%/0.40%】，最多计入160点。
大黑塔,拂晓之前,★★★★,生1058 攻582 防463,"长夜使装备者暴击伤害提高【36%/42%/48%/54%/60%】。使装备者战技和终结技造成的伤害提高【18%/21%/24%/27%/30%】。当装备者施放战技或终结技后,获得【梦身】效果。触发追加攻击时，消耗【梦身】，使追加攻击造成的伤害提高【48%/56%/64%/72%/80%】。"
姬子,拂晓之前,★★★★★,生1058 攻582 防463,长夜使装备者暴击伤害提高【36%/42%/48%/54%/60%】。使装备者战技和终结技造成的伤害提高【18%/21%/24%/27%/30%】。当装备者施放战技或终结技后，获得【梦身】效果。触发追加攻击时，消耗【梦身】，使追加攻击造成的伤害提高【48%/56%/64%/72%/80%】。
姬子,银河铁道之夜,★★★★★,生1164 攻582 防396,流星群当场上每有1个敌方目标，使装备者的攻击力提高【9%/10.5%/12%/13.5%/15%】，最多叠加5层。当有敌方目标的弱点被击破时，装备者造成的伤害提高【30%/35%/40%/45%/50%】，持续1回合。
姬子,今日亦是和平的一日,★★★★,生846 攻529 防330,风雨将至进入战斗后，根据装备者的能量上限，提高装备者造成的伤害：每点能量提高【0.20%/0.25%/0.30%/0.35%/0.40%】，最多计入160点。
姬子,天才们的休憩,★★★★,生846 攻476 防396,"各得其所使装备者攻击力提高【16%/20%/24%/28%/32%】，消灭敌方目标后,暴击伤害提高【24%/30%/36%/42%/48%】，持续3回合。"
姬子•启行,当一颗星照亮夜空,★★★★★,生847 攻635 防529,初愿使装备者造成伤害时无视目标【32%/36%40%/44%/48%】的防御力。当装备者施放助战技时，恢复6点能量并获得【启航】，持续2回合，最多叠加3层。每层【启航】使助战技伤害提高【20%/25%/30%/35%/40%】，【启航】达到3层时，每层【启航】使终结技伤害提高【20%/25%/30%/35%/40%】。
姬子•启行,向着不可追问处,★★★★,生953 攻635 防463,思维游戏使装备者的暴击率提高【12%/14%/16%/18%/20%】。装备者施放终结技时，使装备者战技和终结技造成的伤害提高【60%/70%/80%/90%/100%】，持续3回合。装备者施放终结技后，若本次终结技消耗的能量大于等于140点，恢复1个战技点。
姬子•启行,不息的演算,★★★★,生1058 攻529 防396,无界之思使装备者的攻击力提高【8%/9%/10%/11%/12%】。施放攻击后，每击中一名敌方目标，使攻击力额外提高【4%/5%/6%/7%/8%】，该效果最多叠加5次，持续至下次攻击后，若击中大于等于3名敌方目标，使自身速度提高【8%/10%/12%/14%/16%】，持续1回合。
娜塔莎,时节不居,★★★★★,生1270 攻476 防463,日有四时使装备者生命上限提高【18%/21%/24%/27%/30%】，治疗量提高【12%/14%/16%/18%/20%】。当装备者对我方目标提供治疗时，记录治疗量。当任意我方目标施放攻击后，根据记录治疗量的【36%/42%/48%/54%/60%】，对随机1个受到攻击的敌方目标造成基于装备者属性的附加伤害。该伤害不受加成影响，每回合最多结算1次。
娜塔莎,嘿，我在这儿,★★★★★,生952 攻423 防396,不怕不怕啦使装备者的生命上限提高【8%/9%/10%/11%/12%】。当装备者施放战技时，治疗量提高【16%/19%/22%/25%/28%】，持续2回合。
娜塔莎,同一种心情,★★★★,生952 攻423 防396,救治与维修使装备者的治疗量提高【10%/12%/15%/17%/20%】，并在施放战技时为我方全体恢复【2.0/2.5/3.0/3.5/4.0】点能量。
娜塔莎,此时恰好,★★★★,生952 攻423 防396,折射的视线使装备者的效果抵抗提高【16%/20%/24%/28%/32%】，并使装备者的治疗量提高，提高数值等同于效果抵抗的【33%/36%/39%/42%/45%】，最多使治疗量提高【15%/18%/21%/24%/27%】。
娜塔莎,一场术后对话,★★★★,生1058 攻423 防330,互相治愈使装备者的能量恢复效率提高【8%/10%/12%/14%/16%】，并在施放终结技时治疗量提高【12%/15%/18%/21%/24%】。
寒鸦,但战斗还未结束,★★★★★,生1164 攻529 防463,继承人使装备者的能量恢复效率提高【10%/12%/14%/16%/18%】，并在对我方目标施放终结技时恢复1个战技点。该效果每施放2次终结技可触发1次。当装备者施放战技后，使下一个行动的我方其他目标造成的伤害提高【30%/35%/40%/45%/50%】，持续1回合。
寒鸦,镂月裁云之意,★★★★★,生952 攻476 防330,秘密在战斗开始时以及当装备者回合开始时，随机生效1个效果。该效果生效时，替换上次的效果且本次不会与上次重复。效果包含：使我方全体攻击力提高【10%/12%/15%/17%/20%】；使我方全体暴击伤害提高【12%/15%/18%/21%/24%】；使我方全体能量恢复效率提高【6%/7%/9%/10%/12%】。同类效果无法叠加，在装备者陷入无法战斗状态时解除。
寒鸦,舞！舞！舞！,★★★★,生952 攻423 防396,停不下来啦！当装备者施放终结技后，我方全体行动提前【16%/18%/20%/22%/24%】。
寒鸦,与行星相会,★★★★,生1058 攻423 防330,启程进入战斗后，当我方目标造成与装备者相同属性的伤害时，造成的伤害提高【12%/15%/18%/21%/24%】。
寒鸦,过往未来,★★★★,生952 攻423 防396,旧日纸鸢当装备者施放战技后，使下一个行动的我方其他目标造成的伤害提高【16%/20%/24%/28%/32%】，持续1回合。
布洛妮娅,但战斗还未结束,★★★★★,生1164 攻529 防463,继承人使装备者的能量回复效率提高【10%/12%/14%/16%/18%】，并在对我方目标施放终结技时恢复1个战技点。该效果每施放2次终结技可触发1次。当装备者施放战技后，使下1个行动的我方其他目标造成的伤害提高【30%/35%/40%/45%/50%】，持续1回合。
布洛妮娅,过往未来,★★★★,生952 攻423 防396,旧日纸鸢当装备者施放战技后，使下一个行动的我方其他目标造成的伤害提高【16%/20%/24%/28%/32%】，持续1回合。
布洛妮娅,回到大地的飞行,★★★★,生1164 攻476 防529,再启程当装备者对我方单体角色施放战技或终结技后，装备者恢复【6.0/6.5/7.0/7.5/8.0】点能量，同时使技能目标获得1层【圣咏】，持续3回合，最多叠加3层，每层【圣咏】使持有者造成的伤害提高【15%/17%/19%/21%/24%】。装备者每对我方单体角色施放2次战技或终结技后，恢复1个战技点。
布洛妮娅,舞！舞！舞！,★★★★,生952 攻423 防396,停不下来啦！当装备者施放终结技后，我方全体行动提前【16%/18%/20%/22%/24%】。
希儿,于夜色中,★★★★★,生1058 攻582 防463,花与蝶使装备者的暴击率提高【18%/21%/24%/27%/30%】。当装备者在战斗中速度大于100时，每超过10点，普攻和战技造成的伤害提高【6%/7%/8%/9%/10%】，同时终结技的暴击伤害提高【12%/14%/16%/18%/20%】，该效果可叠加6层。
希儿,星海巡航,★★★★,生952 攻529 防463,猎逐使装备者的暴击率提高【8%/10%/12%/14%/16%】，装备者对生命值百分比小于等于50%的敌方目标暴击率额外提高【8%/10%/12%/14%/16%】。当装备者消灭敌方目标后，攻击力提高【20%/25%/30%/35%/40%】，持续2回合。
希儿,论剑,★★★,生952 攻476 防330,各自的答案当装备者多次击中同一敌方目标时，每次造成的伤害提高【8%/10%/12%/14%/16%】，该效果最多叠加5层。若攻击目标发生变化，立即解除当前的增益效果。
希露瓦,拂晓之前,★★★★★,生1058 攻582 防463,"长夜使装备者暴击伤害提高【36%/42%/48%/54%/60%】。使装备者战技和终结技造成的伤害提高【18%/21%/24%/27%/30%】。当装备者施放战技或终结技后,获得【梦身】效果。触发追加攻击时，消耗【梦身】，使追加攻击造成的伤害提高【48%/56%/64%/72%/80%】。"
希露瓦,银河铁道之夜,★★★★,生1164 攻582 防396,流星群场上每有1个敌方目标，使装备者的攻击力提高【9%/10.5%/12%/13.5%/15%】，该效果最多叠加5层。当有敌方目标的弱点被击破时，装备者造成的伤害提高【30%/35%/40%/45%/50%】，持续1回合。
希露瓦,天才们的休憩,★★★★,生846 攻476 防396,各得其所使装备者攻击力提高【16%/20%/24%/28%/32%】，当装备者消灭敌方目标后，暴击伤害提高【24%/30%/36%/42%/48%】，持续3回合。
希露瓦,今日亦是和平的一日,★★★★,生846 攻529 防330,风雨将至进入战斗后，根据装备者的能量上限，提高装备者造成的伤害：每点能量提高【0.20%/0.25%/0.30%/0.35%/0.40%】，最多计入160点。
希露瓦,早餐的仪式感,★★★★,生846 攻476 防396,各就其位使装备者造成伤害提高【12%/15%/18%/21%/24%】。每消灭1个敌方目标，装备者的攻击力提高【4%/5%/6%/7%/8%】，该效果最多叠加3层。
开拓者•同谐,镜中故我,★★★★★,生1058 攻529 防529,"彻骨梅香使装备者击破特攻提高【60%/70%/80%/90%/100%】。装备者施放终结技后，使我方全体造成的伤害提高【24%/28%/32%/36%/40%】，持续3回合，并且若装备者击破特攻大于等于150%，则恢复1个战技点。
每个波次开始时，我方全体立即恢复【10.0/12.5/15.0/17.5/20.0】点能量，同类技能无法重复生效。"
开拓者•同谐,记忆中的模样,★★★★★,生952 攻423 防396,老相片使装备者的击破特攻提高【28%/35%/42%/49%/56%】。装备者施放攻击后，额外恢复【4/5/6/7/8】点能量，该效果单个回合内不可重复触发。
开拓者•同谐,舞！舞！舞！,★★★★,生952 攻423 防396,停不下来啦！当装备者施放终结技后，我方全体行动提前【16%/18%/20%/22%/24%】。
开拓者•同谐,但战斗还未结束,★★★★,生1164 攻529 防463,继承人使装备者的能量恢复效率提高【10%/12%/14%/16%/18%】，并在对我方目标施放终结技时恢复1个战技点。该效果每施放2次终结技可触发1次。当装备者施放战技后，使下一个行动的我方其他目标造成的伤害提高【30%/35%/40%/45%/50%】，持续1回合。
开拓者•存护,制胜的瞬间,★★★★★,生1058 攻476 防595,决断使装备者的防御力提高【24%/28%/32%/36%/40%】，效果命中提高【24%/28%/32%/36%/40%】，同时使自身受到攻击的概率提高。当装备者受到攻击后，防御力额外提高【24%/28%/32%/36%/40%】，持续到自身回合结束。
开拓者•存护,余生的第一天,★★★★★,生952 攻370 防463,此刻定格使装备者的防御力提高【16%/18%/20%/22%/24%】。进入战斗后，使我方全体的全属性抗性提高【8%/9%/10%/11%/12%】。同类技能无法重复生效。
开拓者•存护,朗道的选择,★★★★,生952 攻423 防396,时光如梭使装备者受到攻击的概率提高，同时受到的伤害降低【16%/18%/20%/22%/24%】。
开拓者•存护,记忆的质料,★★★★,生1058 攻423 防529,珍存使装备者的效果抵抗提高【8%/10%/12%/14%/16%】，当装备者受到攻击后，如果自身未持有护盾，则获得1个等同于装备者【16%/20%/24%/28%/32%】生命上限的护盾，持续2回合。该效果每3回合只能触发1次。如果装备者持有护盾，则使自身受到的伤害降低【12%/15%/18%/21%/24%】。
开拓者•存护,宇宙市场趋势,★★★★,生1058 攻370 防396,新一轮洗牌使装备者的防御力提高【16%/20%/24%/28%/32%】。当装备者受到攻击后，有【100%/105%/110%/115%/120%】的基础概率使敌方目标陷入灼烧状态，每回合造成等同于装备者【40%/50%/60%/70%/80%】防御力的持续伤害，持续2回合。
开拓者•欢愉,当她决定看见,★★★★★,生1058 攻529 防529,"破局使装备者的速度提高【18%/21%/24%/27%/30%】。装备者进入战斗或对我方目标施放终结技时，使装备者获得【上上签】，持续3回合。当装备者持有【上上签】时，我方全体暴击率提高【10%/11%/12%/13%/14%】，暴击伤害提高【30%/37.5%/45%/52.5%/60%】，装备者自身能量恢复效率提高【12%/14%/16%/18%/20%】。
每个波次开始时，装备者固定恢复15点能量。"
开拓者•欢愉,欢愉满溢祝福,★★★★★,生953 攻529 防463,开场使装备者的攻击力提高【20%/25%/30%/35%/40%】。当装备者对我方单体角色施放战技或终结技后，使目标欢愉度提高【12%/15%/18%/21%/24%】，持续2回合。
开拓者•欢愉,菇菇嘎嘎历险记,★★★★,生847 攻476 防396,乱斗使装备者的欢愉度提高【12%/14%/16%/18%/20%】。装备者施放欢愉技时，使敌方全体受到的欢愉伤害提高【6%/7%/8%/9%/10%】，持续2回合。
开拓者•欢愉,未来，有我们一起,★★★★,生953 攻476 防331,同行使装备者的暴击伤害提高【12%/15%/18%/21%/24%】。装备者施放终结技后，使我方全体欢愉度提高【8%/9%/10%/11%/12%】，持续1回合。
开拓者·毁灭,记一位星神的陨落,★★★★★,生1058 攻529 防396,扑火当装备者施放攻击时，使装备者本场战斗中的攻击力提高【8%/10%/12%/14%/16%】，该效果最多叠加4层。当装备者击破敌方目标弱点后，造成的伤害提高【12%/15%/18%/21%/24%】，持续2回合。
开拓者·毁灭,无可取代的东西,★★★★,生1164 攻582 防396,家人使装备者的攻击力提高【24%/28%/32%/36%/40%】。当装备者消灭敌方目标或受到攻击后，立即回复等同于装备者攻击力【8%/9%/10%/11%/12%】的生命值，同时造成的伤害提高【24%/28%/32%/36%/40%】，持续到自身下个回合结束。该效果不可叠加，每回合只可触发1次。
开拓者·毁灭,在蓝天下,★★★★,生952 攻476 防330,暖阳麦浪使装备者攻击力提高【16%/20%/24%/28%/32%】，当装备者消灭敌方目标后，暴击率提高【12%/15%/18%/21%/24%】，持续3回合。
开拓者·毁灭,鼹鼠党欢迎你,★★★★,生1058 攻476 防264,奇妙冒险装备者施放普攻、战技或终结技攻击敌方目标后，分别获取一层【淘气值】。每层使装备者的攻击力提高【12%/15%/18%/21%/24%】。
开拓者·毁灭,秘密誓心,★★★★,生1058 攻476 防264,竭力而为使装备者造成的伤害提高【20%/25%/30%/35%/40%】，同时对当前生命值百分比大于等于装备者自身当前生命值百分比的敌方目标造成的伤害额外提高【20%/25%/30%/35%/40%】。
开拓者•记忆,多流汗，少流泪,★★★★★,生1058 攻529 防198,来练！使装备者的暴击率提高【12%/14%/16%/18%/20%】，装备者的忆灵在场上时，装备者与忆灵造成的伤害提高【24%/27%/30%/33%/36%】。
开拓者•记忆,胜利只在朝夕间,★★★★★,生847 攻476 防396,最后一击使装备者的暴击伤害提高【12%/15%/18%/21%/24%】，当装备者的忆灵对我方目标施放技能时，使我方全体目标造成的伤害提高【8%/10%/12%/14%/16%】，持续3回合。
彦卿,如泥酣眠,★★★★★,生1058 攻582 防463,美梦使装备者的暴击伤害提高【30%/35%/40%/45%/50%】。当装备者的普攻或战技伤害未造成暴击时，使自身暴击率提高【36%/42%/48%/54%/60%】，持续1回合。该效果每3回合可以触发1次。
彦卿,于夜色中,★★★★★,生1058 攻582 防463,花与蝶使装备者的暴击率提高【18%/21%/24%/27%/30%】。当装备者在战斗中速度大于100时，每超过10点，普攻和战技造成的伤害提高【6%/7%/8%/9%/10%】，同时终结技的暴击伤害提高【12%/14%/16%/18%/20%】，该效果可叠加6层。
彦卿,最后的赢家,★★★★★,生952 攻476 防330,下注使装备者的攻击力提高【12%/14%/16%/18%/20%】。当装备者对敌方目标造成暴击后获得一层【好运】，最多叠加4层。每层【好运】使装备者的暴击伤害提高【8%/9%/10%/11%/12%】，【好运】在装备者的回合结束时移除。
彦卿,论剑,★★★★,生952 攻476 防330,各自的答案当装备者多次击中同一敌方目标时，每次造成的伤害提高【8%/10%/12%/14%/16%】，该效果最多叠加5层。若攻击目标发生变化，立即解除当前的增益效果。
彦卿,星海巡航,★★★★,生952 攻529 防463,猎逐使装备者的暴击率提高【8%/10%/12%/14%/16%】，装备者对生命值百分比小于等于50%的敌方目标暴击率额外提高【8%/10%/12%/14%/16%】。当装备者消灭敌方目标后，攻击力提高【20%/25%/30%/35%/40%】，持续2回合。
忘归人,长路终有归途,★★★★★,生952 攻476 防661,"新生使装备者的击破特攻提高【60%/70%/80%/90%/100%】。当有敌方目标的弱点被击破时，有100%的基础概率使其陷入【焚灼】状态,受到的击破伤害提高【18%/21%/24%/27%/30%】，持续2回合，此效果可叠加2层。"
忘归人,决心如汗珠般闪耀,★★★★★,生952 攻476 防330,回眸当装备者击中敌方目标时，如果该目标不处于【攻陷】状态，则有【60%/70%/80%/90%/100%】的基础概率使其陷入【攻陷】状态。【攻陷】状态下的敌方目标防御力降低【12%/13%/14%/15%/16%】，持续1回合。
忘归人,孤独的疗愈,★★★★,生1058 攻529 防396,混沌灵药使装备者的击破特攻提高【20%/25%/30%/35%/40%】。当装备者施放终结技时，使装备者造成的持续伤害提高【24%/30%/36%/42%/48%】，持续2回合。陷入装备者施加的持续伤害效果的敌方目标被消灭时，装备者恢复【4.0/4.5/5.0/5.5/6.0】点能量。
忘归人,新手任务开始前,★★★★,生952 攻476 防330,眼疾手快使装备者的效果命中提高【20%/25%/30%/35%/40%】。当装备者攻击防御力被降低的敌方目标后，恢复【4/5/6/7/8】点能量。
托帕&账账,烦恼着，幸福着,★★★★★,生1058 攻582 防463,一个一个来使装备者暴击率提高【18%/21%/24%/27%/30%】，追加攻击造成的伤害提高【30%/35%/40%/45%/50%】。装备者施放追加攻击后，使目标陷入【温驯】状态，该效果最多叠加2层。我方目标击中【温驯】状态下的敌方目标时，每层【温驯】使造成的暴击伤害提高【12%/14%/16%/18%/20%】。
托帕&账账,星海巡航,★★★★,生952 攻529 防463,猎逐使装备者的暴击率提高【8%/10%/12%/14%/16%】，装备者对生命值百分比小于等于50%的敌方目标暴击率额外提高【8%/10%/12%/14%/16%】。当装备者消灭敌方目标后，攻击力提高【20%/25%/30%/35%/40%】，持续2回合。
托帕&账账,如泥酣眠,★★★★,生1058 攻582 防463,美梦使装备者的暴击伤害提高【30%/35%/40%/45%/50%】。当装备者的普攻或战技伤害未造成暴击时，使自身暴击率提高【36%/42%/48%/54%/60%】，持续1回合。该效果每3回合可以触发1次。
托帕&账账,论剑,★★★,生952 攻476 防330,各自的答案当装备者多次击中同一敌方目标时，每次造成的伤害提高【8%/10%/12%/14%/16%】，该效果最多叠加5层。若攻击目标发生变化，立即解除当前的增益效果。
昔涟,爱如此刻永恒,★★★★★,生1270 攻476 防463,约定使装备者的速度提高【18%/21%/24%/27%/30%】。装备者的忆灵对我方单体施放忆灵技时获得【空白】：敌方全体受到的伤害提高【10%/12%/14%/16%/18%】。装备者的忆灵对敌方施放忆灵技时获得【诗行】：我方全体的暴击伤害提高【16%/19%/22%/25%/28%】。装备者的忆灵同时持有【空白】和【诗行】时，【空白】和【诗行】的效果提高【60%/65%/70%/75%/80%】。
昔涟,记忆永不落幕,★★★★,生1058 攻529 防396,收取使装备者的速度提高【6%/7.5%/9%/10.5%/12%】。装备者施放战技后，使我方全体造成的伤害提高【8%/10%/12%/14%/16%】，持续3回合。
昔涟,胜利只在朝夕间,★★★★,生847 攻476 防396,最后一击使装备者的暴击伤害提高【12%/15%/18%/21%/24%】，当装备者的忆灵对我方目标施放技能时，使我方全体目标造成的伤害提高【8%/10%/12%/14%/16%】，持续3回合。
星期日,回到大地的飞行,★★★★★,生1164 攻476 防529,再启程当装备者对我方单体角色施放战技或终结技后，装备者恢复【6.0/6.5/7.0/7.5/8.0】点能量，同时使技能目标获得1层【圣咏】，持续3回合，最多叠加3层，每层【圣咏】使持有者造成的伤害提高【15%/17%/19%/21%/24%】。装备者每对我方单体角色施放2次战技或终结技后，恢复1个战技点。
星期日,但战斗还未结束,★★★★★,生1164 攻529 防463,继承人使装备者的能量恢复效率提高【10%/12%/14%/16%/18%】，并在对我方目标施放终结技时恢复1个战技点。该效果每施放2次终结技可触发1次。当装备者施放战技后，使下一个行动的我方其他目标造成的伤害提高【30%/35%/40%/45%/50%】，持续1回合。
星期日,游戏尘寰,★★★★★,生1164 攻529 防463,善变使装备者的暴击伤害提高【32%/39%/46%/53%/60%】。战斗开始时，使装备者获得【假面】，持续3回合。当装备者持有【假面】时，装备者的队友暴击率提高【10%/11%/12%/13%/14%】，暴击伤害提高【28%/35%/42%/49%/56%】。装备者每恢复1个战技点，获得1层【彩焰】，恢复时溢出的战技点也会被计算在内。当【彩焰】达到4层后，移除所有【彩焰】并获得【假面】，持续4回合。
星期日,过往未来,★★★★,生952 攻423 防396,旧日纸鸢当装备者施放战技后，使下一个行动的我方其他目标造成的伤害提高【16%/20%/24%/28%/32%】，持续1回合。
景元,拂晓之前,★★★★★,生1058 攻582 防463,"长夜使装备者暴击伤害提高【36%/42%/48%/54%/60%】。使装备者战技和终结技造成的伤害提高【18%/21%/24%/27%/30%】。当装备者施放战技或终结技后,获得【梦身】效果。触发追加攻击时，消耗【梦身】，使追加攻击造成的伤害提高【48%/56%/64%/72%/80%】。"
景元,今日亦是和平的一日,★★★★,生846 攻529 防330,风雨将至进入战斗后，根据装备者的能量上限，提高装备者造成的伤害：每点能量提高【0.20%/0.25%/0.30%/0.35%/0.40%】，最多计入160点。
景元,银河铁道之夜,★★★★,生1164 攻582 防396,流星群场上每有1个敌方目标，使装备者的攻击力提高【9.0%/10.5%/12.0%/13.5%/15.0%】，该效果最多叠加5层。当有敌方目标的弱点被击破时，装备者造成的伤害提高【30%/35%/40%/45%/50%】，持续1回合。
景元,「我」的诞生,★★★★,生952 攻476 防330,画像少女使装备者追加攻击造成的伤害提高【24%/30%/36%/42%/48%】。若该敌方目标当前生命值百分比小于等于50%，则追加攻击造成的伤害额外提高【24%/30%/36%/42%/48%】。
杰帕德,制胜的瞬间,★★★★★,生1058 攻476 防595,决断使装备者的防御力提高【24%/28%/32%/36%/40%】，效果命中提高【24%/28%/32%/36%/40%】，同时自身受到敌方攻击的概率提高。装备者受到攻击后，防御力额外提高【24%/28%/32%/36%/40%】，持续到自身回合结束。
杰帕德,余生的第一天,★★★★★,生952 攻370 防463,此刻定格使装备者的防御力提高【16%/18%/20%/22%/24%】。进入战斗后，使我方全体的全属性抗性提高【8%/9%/10%/11%/12%】。同类技能无法重复生效。
杰帕德,朗道的选择,★★★★,生952 攻423 防396,时光如梭使装备者受到攻击的概率提高，同时受到的伤害降低【16%/18%/20%/22%/24%】。
杰帕德,宇宙市场趋势,★★★★,生1058 攻370 防396,新一轮洗牌使装备者的防御力提高【16%/20%/24%/28%/32%】。当装备者受到攻击后，有【100%/105%/110%/115%/120%】的基础概率使敌方目标陷入灼烧状态，每回合造成等同于装备者【40%/50%/60%/70%/80%】防御力的持续伤害，持续2回合。
杰帕德,记忆的质料,★★★★,生1058 攻423 防529,珍存使装备者的效果抵抗提高【8%/10%/12%/14%/16%】，当装备者受到攻击后，如果自身未持有护盾，则获得1个等同于装备者【16%/20%/24%/28%/32%】生命上限的护盾，持续2回合。该效果每3回合只能触发1次。如果装备者持有护盾，则使自身受到的伤害降低【12%/15%/18%/21%/24%】。
桂乃芬,猎物的视线,★★★★★,生952 攻476 防330,自信使装备者的效果命中提高【20%/25%/30%/35%/40%】，同时造成的持续伤害提高【24%/30%/36%/42%/48%】。
桂乃芬,晚安与睡颜,★★★★,生952 攻476 防330,劳碌者敌方目标每承受1个负面效果，装备者对其造成的伤害提高【12%/15%/18%/21%/24%】，最多叠加3层。该效果对持续伤害也会生效。
桂乃芬,孤独的疗愈,★★★★,生1058 攻529 防396,混沌灵药使装备者的击破特攻提高【20%/25%/30%/35%/40%】。当装备者施放终结技时，使装备者造成的持续伤害提高【24%/30%/36%/42%/48%】，持续2回合。陷入装备者施加的持续伤害效果的敌方目标被消灭时，装备者恢复【4.0/4.5/5.0/5.5/6.0】点能量。
桑博,晚安与睡颜,★★★★★,生952 攻476 防330,劳碌者敌方目标每承受1个负面效果，装备者对其造成的伤害提高【12%/15%/18%/21%/24%】，最多叠加3层。该效果对持续伤害也会生效。
桑博,决心如汗珠般闪耀,★★★★,生952 攻476 防330,回眸当装备者击中敌方目标时，如果该目标不处于【攻陷】状态，则有【60%/70%/80%/90%/100%】的基础概率使其陷入【攻陷】状态。【攻陷】状态下的敌方目标防御力降低【12%/13%/14%/15%/16%】，持续1回合。
桑博,以世界之名,★★★★★,生1058 攻582 防463,传承者使装备者对陷入负面效果的敌方目标造成的伤害提高【24%/28%/32%/36%/40%】。当装备者施放战技时，装备者此次攻击的效果命中提高【18%/21%/24%/27%/30%】，攻击力提高【24%/28%/32%/36%/40%】。
桑博,猎物的视线,★★★★,生952 攻476 防330,自信使装备者的效果命中提高【20%/25%/30%/35%/40%】，同时造成的持续伤害提高【24%/30%/36%/42%/48%】。
桑博,延长记号,★★★★,生952 攻476 防330,休止符使装备者的击破特攻提高【16%/20%/24%/28%/32%】，对处于触电或风化状态的敌方目标造成的伤害提高【16%/20%/24%/28%/32%】，该效果对持续伤害也会生效。
椒丘,那无数个春天,★★★★★,生952 攻582 防529,世事无痕使装备者的效果命中提高【60%/70%/80%/90%/100%】，装备者施放普攻、战技、终结技攻击敌方目标后，有60%的基础概率使其陷入【卸甲】状态。【卸甲】状态下，敌方目标受到的伤害提高【10%/12%/14%/16%/18%】，持续2回合。若目标处于装备者施加的持续伤害状态，则有60%的基础概率将装备者施加的【卸甲】状态升级成【穷寇】状态，使敌方目标受到的伤害额外提高【14%/16%/18%/20%/22%】，持续2回合，期间装备者无法对其施加【卸甲】。
椒丘,重塑时光之忆,★★★★★,生1058 攻582 防463,结晶使装备者的效果命中提高【40%/45%/50%/55%/60%】。装备者对陷入风化、灼烧、触电、裂伤状态的敌方目标造成伤害时，分别获得1层【先知】，最多叠加4层。单场战斗中，每种持续伤害状态类型仅可叠加1次【先知】效果。每层【先知】使装备者的攻击力提高【5%/6%/7%/8%/9%】，造成的持续伤害无视目标【7.2%/7.9%/8.6%/9.3%/10.0%】的防御力。
椒丘,猎物的视线,★★★★,生952 攻476 防330,自信使装备者的效果命中提高【20%/25%/30%/35%/40%】，同时造成的持续伤害提高【24%/30%/36%/42%/48%】。
波提欧,驶向第二次生命,★★★★★,生1058 攻582 防463,苦航使装备者的击破特攻提高【60%/70%/80%/90%/100%】，造成的击破伤害无视目标【20%/23%/26%/29%/32%】的防御力。当装备者在战斗中击破特攻大于等于150%时，速度提高【12%/14%/16%/18%/20%】。
波提欧,黑夜如影随行,★★★★,生846 攻476 防396,隐匿使装备者的击破特攻提高【28%/35%/42%/49%/56%】。进入战斗时或造成击破伤害后，速度提高【8%/9%/10%/11%/12%】，持续2回合，该效果每回合只可触发1次。
波提欧,星海巡航,★★★★,生952 攻529 防463,猎逐使装备者的暴击率提高【8%/10%/12%/14%/16%】，装备者对生命值百分比小于等于50%的敌方目标暴击率额外提高【8%/10%/12%/14%/16%】。当装备者消灭敌方目标后，攻击力提高【20%/25%/30%/35%/40%】，持续2回合。
波提欧,论剑,★★★★,生952 攻476 防330,各自的答案当装备者多次击中同一敌方目标时，每次造成的伤害提高【8%/10%/12%/14%/16%】，该效果最多叠加5层。若攻击目标发生变化，立即解除当前的增益效果。
波提欧,春水初生,★★★★,生846 攻476 防396,驱散余寒进入战斗后，使装备者速度提高【8%/9%/10%/11%/12%】，造成的伤害提高【12%/15%/18%/21%/24%】。当装备者受到伤害后该效果失效，下个回合结束时该效果恢复。
流萤,梦应归于何处,★★★★★,生1164 攻476 防529,蜕变使装备者的击破特攻提高【60%/70%/80%/90%/100%】。当装备者对敌方目标造成击破伤害时，使敌方陷入【溃败】状态，持续2回合。【溃败】状态下目标受到装备者造成的击破伤害提高【24.0%/28.0%/32.0%/36.0%/40.0%】，速度降低20%，同类效果无法叠加。
流萤,记一位星神的陨落,★★★★,生1058 攻529 防396,扑火当装备者施放攻击时，使装备者本场战斗中的攻击力提高【8%/10%/12%/14%/16%】，该效果最多叠加4层。当装备者击破敌方目标弱点后，造成的伤害提高【12%/15%/18%/21%/24%】，持续2回合。
流萤,铭记于心的约定,★★★★,生952 攻476 防330,传承使装备者的击破特攻提高【28%/35%/42%/49%/56%】。当装备者释放终结技时，暴击率提高【15%/18%/22%/26%/30%】，持续2回合。
流萤,无可取代的东西,★★★★,生1164 攻582 防396,家人使装备者的攻击力提高【24%/28%/32%/36%/40%】。当装备者消灭敌方目标或受到攻击后，立即回复等同于装备者攻击力【8%/9%/10%/11%/12%】的生命值，同时造成的伤害提高【24%/28%/32%/36%/40%】，持续到自身下个回合结束。该效果不可叠加，每回合只可触发1次。
海瑟音,海洋为何而歌,★★★★★,生953 攻635 防463,独奏使装备者的效果命中提高【40%/45%/50%/55%/60%】，当有敌方目标陷入装备者施加的负面效果时，有80%的基础概率使其陷入【魂迷】状态，持续3回合，同类效果无法叠加。【魂迷】状态下，每有1个装备者施加的负面效果，受到的持续伤害提高【5%/6.25%/7.5%/8.75%/10%】，该效果最多叠加6层，受到我方目标攻击时，使攻击者速度提高【10%/12.5%/15%/17.5%/20%】，持续3回合。当装备者陷入无法战斗状态时，移除所有【魂迷】。
海瑟音,那无数个春天,★★★★★,生952 攻582 防529,世事无痕使装备者的效果命中提高【60%/70%/80%/90%/100%】，装备者施放普攻、战技、终结技攻击敌方目标后，有60%的基础概率使其陷入【卸甲】状态。【卸甲】状态下，敌方目标受到的伤害提高【10%/12%/14%/16%/18%】，持续2回合。若目标处于装备者施加的持续伤害状态，则有60%的基础概率将装备者施加的【卸甲】状态升级成【穷寇】状态，使敌方目标受到的伤害额外提高【14%/16%/18%/20%/22%】，持续2回合，期间装备者无法对其施加【卸甲】。
海瑟音,重塑时光之忆,★★★★★,生1058 攻582 防463,结晶使装备者的效果命中提高【40%/45%/50%/55%/60%】。装备者对陷入风化、灼烧、触电、裂伤状态的敌方目标造成伤害时，分别获得1层【先知】，最多叠加4层。单场战斗中，每种持续伤害状态类型仅可叠加1次【先知】效果。每层【先知】使装备者的攻击力提高【5%/6%/7%/8%/9%】，造成的持续伤害无视目标【7.2%/7.9%/8.6%/9.3%/10.0%】的防御力。
海瑟音,新手任务开始前,★★★★★,生952攻476 防350,眼疾手快使装备者的效果命中提高【20%/25%/30%/35%/40%】。当装备者攻击防御力被降低的敌方目标后，恢复【4/5/6/7/8】点能量。
火花,花花世界迷人眼,★★★★★,生1058 攻582 防463,瞩目使装备者的暴击伤害提高【48%/56%/64%/72%/80%】。装备者在场时，队伍中每有1名「欢愉」命途的角色，战技点上限提高1点，最多提高3点；装备者每消耗1个战技点使自身造成的欢愉伤害无视敌方目标【5%/6%/7%/8%/9%】的防御力，最多叠加4层，若在同一回合内消耗大于等于4个战技点则使装备者获得【推流】。装备者持有【推流】时，我方全体欢愉度提高【20%/24%/28%/32%/36%】。同类光锥效果无法叠加。
火花,今日好手气,★★★★,生953 攻529 防396,憧憬使装备者的暴击率提高【12%/14%/16%/18%/20%】。装备者施放欢愉技时，欢愉度提高【12%/14%/16%/18%/20%】，该效果最多叠加2次。
火花,菇菇嘎嘎历险记,★★★★,生847 攻476 防396,乱斗使装备者的欢愉度提高【12%/14%/16%/18%/20%】。装备者施放欢愉技时，使敌方全体受到的欢愉伤害提高【6%/7%/8%/9%/10%】，持续2回合。
灵砂,唯有香如故,★★★★★,生1058 攻529 防529,安心使装备者击破特攻提高【60%/70%/80%/90%/100%】。装备者施放终结技攻击敌方目标后，使其陷入【忘忧】状态，持续2回合，【忘忧】状态下的敌方目标受到的伤害提高【10%/12%/14%/16%/18%】，若装备者当前击破特攻大于等于150%，受到的伤害提高效果额外提高【8%/10%/12%/14%/16%】。
灵砂,惊魂夜,★★★★★,生1164 攻476 防529,深度深呼吸使装备者的能量恢复效率提高【12%/14%/16%/18%/20%】。我方目标施放终结技时，装备者为当前生命值百分比最低的我方目标回复等同于其【10%/11%/12%/13%/14%】生命上限的生命值。当装备者为我方目标提供治疗时，使该目标的攻击力提高【2.4%/2.8%/3.2%/3.6%/4.0%】，该效果最多叠加5层，持续2回合。
灵砂,一场术后对话,★★★★,生1058 攻423 防330,互相治愈使装备者的能量恢复效率提高【8%/10%/12%/14%/16%】，并在施放终结技时治疗量提高【12%/15%/18%/21%/24%】。
灵砂,何物为真,★★★★,生1058 攻423 防330,假设使装备者的击破特攻提高【24%/30%/36%/42%/48%】。施放普攻后，装备者回复等同于【2.0%/2.5%/3.0%/3.5%/4.0%】生命上限+800点的生命值。
爻光,当她决定看见,★★★★★,生1058 攻529 防529,破局使装备者的速度提高【18%/21%/24%/27%/30%】。装备者进入战斗或对我方目标施放终结技时，使装备者获得【上上签】，持续3回合。当装备者持有【上上签】时，我方全体暴击率提高【10%/11%/12%/13%/14%】，暴击伤害提高【30%/37.5%/45%/52.5%/60%】，装备者自身能量恢复效率提高【12%/14%/16%/18%/20%】。每个波次开始时，装备者固定恢复15点能量。
爻光,菇菇嘎嘎历险记,★★★★,生847 攻476 防396,乱斗使装备者的欢愉度提高【12%/14%/16%/18%/20%】。装备者施放欢愉技时，使敌方全体受到的欢愉伤害提高【6%/7%/8%/9%/10%】，持续2回合。
爻光,今日好手气,★★★★,生953 攻529 防396,憧憬使装备者的暴击率提高【12%/14%/16%/18%/20%】。装备者施放欢愉技时，欢愉度提高【12%/14%/16%/18%/20%】，该效果最多叠加2次。
玲可,时节不居,★★★★★,生1270 攻476 防463,日有四时使装备者生命上限提高【18%/21%/24%/27%/30%】，治疗量提高【12%/14%/16%/18%/20%】。当装备者对我方目标提供治疗时，记录治疗量。当任意我方目标施放攻击后，根据记录治疗量的【36%/42%/48%/54%/60%】，对随机1个受到攻击的敌方目标造成基于装备者属性的附加伤害。该伤害不受加成影响，每回合最多结算1次。
玲可,惊魂夜,★★★★★,生1164 攻476 防529,深度深呼吸使装备者的能量恢复效率提高【12%/14%/16%/18%/20%】。我方目标施放终结技时，装备者为当前生命值百分比最低的我方目标回复等同于其【10%/11%/12%/13%/14%】生命上限的生命值。当装备者为我方目标提供治疗时，使该目标的攻击力提高【2.4%/2.8%/3.2%/3.6%/4.0%】，该效果最多叠加5层，持续2回合。
玲可,一场术后对话,★★★★★,生1058 攻423 防330,互相治愈使装备者的能量恢复效率提高【8%/10%/12%/14%/16%】，并在施放终结技时治疗量提高【12%/15%/18%/21%/24%】。
玲可,此时恰好,★★★★,生952 攻423 防396,折射的视线使装备者的效果抵抗提高【16%/20%/24%/28%/32%】，并使装备者的治疗量提高，提高数值等同于效果抵抗的【33%/36%/39%/42%/45%】，最多使治疗量提高【15%/18%/21%/24%/27%】。
瓦尔特,行于流逝的岸,★★★★★,生1058 攻635 防396,司渡使装备者的暴击伤害提高【36%/42%/48%/54%/60%】。当装备者击中敌方目标时，使敌方陷入【泡影】状态，持续1回合。装备者每次攻击时，对每个目标只可触发1次。装备者对陷入【泡影】状态的目标造成的伤害提高【24%/28%/32%/36%/40%】，终结技造成的伤害额外提高【24%/28%/32%/36%/40%】。
瓦尔特,雨一直下,★★★★★,生1058 攻582 防463,幻影现实使装备者的效果命中提高【24%/28%/32%/36%/40%】。当装备者对同时处于大于等于3个负面效果的敌方目标造成伤害时，暴击率提高【12%/14%/16%/18%/20%】。装备者施放普攻、战技、终结技后，有100%的基础概率对随机1个未持有【以太编码】的受击目标施加【以太编码】。持有【以太编码】的目标受到的伤害提高【12%/14%/16%/18%/20%】，持续1回合。
瓦尔特,以世界之名,★★★★★,生1058 攻582 防463,"传承者使装备者对陷入负面效果的敌方目标造成的伤害提高【24%/28%/32%/36%/40%】。当装备者施放战技时,装备者此次攻击的效果命中提高【18%/21%/24%/27%/30%】，攻击力提高【24%/28%/32%/36%/40%】。"
瓦尔特,晚安与睡颜,★★★★,生952 攻476 防330,劳碌者敌方目标每承受1个负面效果，装备者对其造成的伤害提高【12%/15%/18%/21%/24%】，最多叠加3层。该效果对持续伤害也会生效。
白厄,黎明恰如此燃烧,★★★★★,生952 攻687 防396,失却使装备者的基础速度提高【12/14/16/18/20】，造成伤害时无视目标【18%/22%/27%/31%/36%】的防御力。装备者施放终结技后，获得【烈阳】，回合开始时移除。持有【烈阳】时，装备者造成的伤害提高【60%/78%/96%/114%/132%】。
白厄,无可取代的东西,★★★★,生1164 攻582 防396,家人使装备者的攻击力提高【24%/28%/32%/36%/40%】。当装备者消灭敌方目标或受到攻击后，立即回复等同于装备者攻击力【8%/9%/10%/11%/12%】的生命值，同时造成的伤害提高【24%/28%/32%/36%/40%】，持续到自身下个回合结束。该效果不可叠加，每回合只可触发1次。
白厄,记一位星神的陨落,★★★★,生1058 攻529 防396,扑火当装备者施放攻击时，使装备者本场战斗中的攻击力提高【8%/10%/12%/14%/16%】，该效果最多叠加4层。当装备者击破敌方目标弱点后，造成的伤害提高【12%/15%/18%/21%/24%】，持续2回合。
白露,时节不居,★★★★★,生1270 攻476 防463,日有四时使装备者生命上限提高【18%/21%/24%/27%/30%】，治疗量提高【12%/14%/16%/18%/20%】。当装备者对我方目标提供治疗时，记录治疗量。当任意我方目标施放攻击后，根据记录治疗量的【36%/42%/48%/54%/60%】，对随机1个受到攻击的敌方目标造成基于装备者属性的附加伤害。该伤害不受加成影响，每回合最多结算1次。
白露,一场术后对话,★★★★,生1058 攻423 防330,互相治愈使装备者的能量恢复效率提高【8%/10%/12%/14%/16%】，并在施放终结技时治疗量提高【12%/15%/18%/21%/24%】。
白露,惊魂夜,★★★★,生1164 攻476 防529,深度深呼吸使装备者的能量恢复效率提高【12%/14%/16%/18%/20%】。我方目标施放终结技时，装备者为当前生命值百分比最低的我方目标回复等同于其【10%/11%/12%/13%/14%】生命上限的生命值。当装备者为我方目标提供治疗时，使该目标的攻击力提高【2.4%/2.8%/3.2%/3.6%/4.0%】，该效果最多叠加5层，持续2回合。
白露,此时恰好,★★★★,生952 攻423 防396,折射的视线使装备者的效果抵抗提高【16%/20%/24%/28%/32%】，并使装备者的治疗量提高，提高数值等同于效果抵抗的【33%/36%/39%/42%/45%】，最多使治疗量提高【15%/18%/21%/24%/27%】。
真珠,献给明日的色彩,★★★★★,生1058 攻476 防595,挥墨使装备者的防御力提高【48%/60%/72%/84%/96%】。装备者对我方全体施放欢愉技时，使敌方全体受到的伤害提高【22%/28%/33%/39%/44%】，持续3回合，为装备者固定恢复10点能量，并为我方全体回复等同于装备者防御力【10%/13%/15%/18%/20%】的生命值。
真珠,当她决定看见,★★★★,生1058 攻529 防529,破局使装备者的速度提高【18%/21%/24%/27%/30%】。装备者进入战斗或对我方目标施放终结技时，使装备者获得【上上签】，持续3回合。当装备者持有【上上签】时，我方全体暴击率提高【10%/11%/12%/13%/14%】，暴击伤害提高【30%/37.5%/45%/52.5%/60%】，装备者自身能量恢复效率提高【12%/14%/16%/18%/20%】。每个波次开始时，装备者固定恢复15点能量。
真珠,菇菇嘎嘎历险记,★★★★,生847 攻476 防396,乱斗使装备者的欢愉度提高【12%/14%/16%/18%/20%】。装备者施放欢愉技时，使敌方全体受到的欢愉伤害提高【6%/7%/8%/9%/10%】，持续2回合。
真珠,欢愉满溢祝福,★★★★★,生953 攻529 防463,开场使装备者的攻击力提高【20%/25%/30%/35%/40%】。当装备者对我方单体角色施放战技或终结技后，使目标欢愉度提高【12%/15%/18%/21%/24%】，持续2回合。
真理医生,纯粹思维的洗礼,★★★★★,生952 攻582 防529,思想训练使装备者的暴击伤害提高【20%/23%/26%/29%/32%】。敌方目标每承受1个负面效果，装备者对其造成的暴击伤害额外提高【8%/9%/10%/11%/12%】，最多叠加3层。施放终结技攻击敌方目标时，使装备者获得【论辩】效果，造成的伤害提高【36%/42%/48%/54%/60%】，追加攻击无视目标【24%/28%/32%/36%/40%】的防御力，该效果持续2回合。
真理医生,烦恼着，幸福着,★★★★★,生1058 攻582 防463,一个一个来使装备者暴击率提高【18%/21%/24%/27%/30%】，追加攻击造成的伤害提高【30%/35%/40%/45%/50%】。装备者施放追加攻击后，使目标陷入【温驯】状态，该效果最多叠加2层。我方目标击中【温驯】状态下的敌方目标时，每层【温驯】使造成的暴击伤害提高【12%/14%/16%/18%/20%】。
真理医生,如泥酣眠,★★★★,生1058 攻582 防463,美梦使装备者的暴击伤害提高【30%/35%/40%/45%/50%】。当装备者的普攻或战技伤害未造成暴击时，使自身暴击率提高【36%/42%/48%/54%/60%】，持续1回合。该效果每3回合可以触发1次。
真理医生,星海巡航,★★★★,生952 攻529 防463,猎逐使装备者的暴击率提高【8%/10%/12%/14%/16%】，装备者对生命值百分比小于等于50%的敌方目标暴击率额外提高【8%/10%/12%/14%/16%】。当装备者消灭敌方目标后，攻击力提高【20%/25%/30%/35%/40%】，持续2回合。
知更鸟,夜色流光溢彩,★★★★★,生952 攻635 防463,抚慰我方角色每次攻击时，使装备者获得1层【歌咏】，每层【歌咏】使装备者的能量恢复效率提高【3.0%/3.5%/4.0%/4.5%/5.0%】，最多叠加5层。装备者施放终结技时，移除【歌咏】并获得【华彩】，【华彩】使装备者的攻击力提高【48%/60%/72%/84%/96%】，使我方全体造成的伤害提高【24%/28%/32%/36%/40%】，持续1回合。
知更鸟,但战斗还未结束,★★★★★,生1164 攻529 防463,继承人使装备者的能量恢复效率提高【10%/12%/14%/16%/18%】，并在对我方目标施放终结技时恢复1个战技点。该效果每施放2次终结技可触发1次。当装备者施放战技后，使下一个行动的我方其他目标造成的伤害提高【30%/35%/40%/45%/50%】，持续1回合。
知更鸟,为了明日的旅途,★★★★,生952 攻476 防330,联结使装备者的攻击力提高【16%/20%/24%/28%/32%】。装备者施放终结技后，造成的伤害提高【18%/21%/24%/27%/30%】，持续1回合。
知更鸟,轮契,★★★,生846 攻317 防264,速决使装备者施放攻击或受到攻击后，额外恢复【4/5/6/7/8】点能量，该效果单个回合内不可重复触发。
知更鸟•晴歌,你将起身歌唱,★★★★★,生1164 攻582 防397,即兴使装备者的生命上限提高【30%/38%/45%/53%/60%】，装备者施放终结技后，为我方恢复1个战技点。进入战斗时，使装备者的行动提前【30%/33%/35%/38%/40%】，并使装备者获得【新声】，持续2回合。装备者持有【新声】时，我方整体速度提高【20%/25%/30%/35%/40%】。
知更鸟•晴歌,致长夜的星光,★★★★,生1164 攻529 防463,未眠使装备者的生命上限提高【30%/37.5%/45%/52.5%/60%】。装备者的忆灵施放技能时，使装备者获得【夜色】。装备者持有【夜色】时，我方全体忆灵造成的伤害无视目标【20%/22.5%/25%/27.5%/30%】的防御力，装备者和装备者忆灵造成的伤害提高【30%/37.5%/45%/52.5%/60%】，装备者的忆灵消失时为装备者恢复【8/10/12/14/16】点能量，同类效果无法叠加。
知更鸟•晴歌,愿虹光永驻天空,★★★★,生1164 攻476 防529,包容使装备者的速度提高【18%/21%/24%/27%/30%】。装备者施放普攻、战技和终结技时消耗我方全体等同于当前生命值【1%/1.25%/1.5%/1.75%/2%】的生命值并使装备者的忆灵下一次攻击后额外对攻击目标造成1次等同于【250%/312.5%/375%/437.5%/500%】生命值消耗总量的基于装备者的忆灵属性的附加伤害，随后清空生命值消耗总量。装备者的忆灵施放忆灵技时，使敌方全体受到的伤害提高【18%/22.5%/27%/31.5%/36%】，持续2回合。同类效果无法叠加。
知更鸟•晴歌,让告别，更美一些,★★★★,生1270 攻529 防396,铭刻使装备者的生命上限提高【30%/37.5%/45%/52.5%/60%】，装备者或装备者的忆灵在自身回合内损失生命值时，装备者获得【冥花】，【冥花】可以使装备者和装备者的忆灵造成伤害时，无视目标【30%/35%/40%/45%/50%】的防御力，持续2回合。当装备者的忆灵消失时，使装备者行动提前【12%/15%/18%/21%/24%】。该效果最多触发1次，装备者每次施放终结技时重置触发次数。
知更鸟•晴歌,故事的下一页,★★★★,生1058 攻370 防396,书写使装备者的生命上限提高【16%/20%/24%/28%/32%】。装备者的忆灵攻击后，使装备者与忆灵的治疗量提高 【12%/15%/18%/21%/24%】，持续1回合。
砂金,命运从未公平,★★★★★,生1058 攻423 防661,全下使装备者的防御力提高【40%/46%/52%/58%/64%】，当装备者为我方目标提供护盾时，使装备者的暴击伤害提高【40%/46%/52%/58%/64%】，持续2回合。当装备者发动追加攻击击中敌方目标时，有【100%/115%/130%/145%/160%】的基础概率使受到攻击的敌方目标受到的伤害提高【10.0%/11.5%/13.0%/14.5%/16.0%】，持续2回合。
砂金,制胜的瞬间,★★★★★,生1058 攻476 防595,决断使装备者的防御力提高【24%/28%/32%/36%/40%】，效果命中提高【24%/28%/32%/36%/40%】，同时使自身受到攻击的概率提高。当装备者受到攻击后，防御力额外提高【24%/28%/32%/36%/40%】，持续到自身回合结束。
砂金,两个人的演唱会,★★★★,生952 攻370 防463,鼓舞使装备者的防御力提高【16%/20%/24%/28%/32%】。场上每有一名持有护盾的角色，装备者造成的伤害提高【4%/5%/6%/7%/8%】。
砂金,记忆的质料,★★★★,生1058 攻423 防529,珍存使装备者的效果抵抗提高【8%/10%/12%/14%/16%】，当装备者受到攻击后，如果自身未持有护盾，则获得1个等同于装备者【16%/20%/24%/28%/32%】生命上限的护盾，持续2回合。该效果每3回合只能触发1次。如果装备者持有护盾，则使自身受到的伤害降低【12%/15%/18%/21%/24%】。
砂金,余生的第一天,★★★★,生952 攻370 防463,此刻定格使装备者的防御力提高【16%/18%/20%/22%/24%】。进入战斗后，使我方全体的全属性抗性提高【8%/9%/10%/11%/12%】。同类技能无法重复生效。
砂金•戏浪,向浪花掷下盛夏,★★★★★,生952 攻582 防529,"浪行使装备者的暴击率提高【18%/21%/24%/27%/30%】。装备者施放欢愉技时，获得【风口】，【风口】使装备者的速度提高【24%/28%/32%/36%/40%】。若施放的欢愉技与上一次施放的欢愉技不同，则额外获得【潮流】，【潮流】使装备者的欢愉度提高【40%/55%/70%/85%/100%】。
每个波次开始时或装备者每施放3次欢愉技后，恢复1个战技点。"
砂金•戏浪,欢迎来到银河城,★★★★★,生1164 攻476 防529,稳赢使装备者的速度提高【18%/21%/24%/27%/30%】，造成的欢愉伤害无视目标【20%/24%/28%/32%/36%】的防御力。当装备者对自身单体施放终结技时，获得【20/25/30/35/40】点【笑点】。该效果最多触发1次，施放3次普攻后重置可触发次数。
砂金•戏浪,今日好手气,★★★★,生953 攻529 防396,憧憬使装备者的暴击率提高【12%/14%/16%/18%/20%】。装备者施放欢愉技时，欢愉度提高【12%/14%/16%/18%/20%】，该效果最多叠加2次。
砂金•戏浪,菇菇嘎嘎历险记,★★★★,生847 攻476 防396,乱斗使装备者的欢愉度提高【12%/14%/16%/18%/20%】。装备者施放欢愉技时，使敌方全体受到的欢愉伤害提高【6%/7%/8%/9%/10%】，持续2回合。
砂金•戏浪,未来，有我们一起,★★★★,生953 攻476 防331,同行使装备者的暴击伤害提高【12%/15%/18%/21%/24%】。装备者施放终结技后，使我方全体欢愉度提高【8%/9%/10%/11%/12%】，持续1回合。
符玄,她已闭上双眼,★★★★★,生1270 攻423 防529,"视界使装备者的生命上限提高【24%/28%/32%/36%/40%】，能量恢复效率提高【12%/14%/16%/18%/20%】。当装备者的生命值降低时，使我方全体造成的伤害提高【9.0%/10.5%/12.0%/13.5%/15.0%】，持续2回合。
每个波次开始时，为我方全体回复等同于各自已损失生命值【80%/85%/90%/95%/100%】的生命值。"
符玄,记忆的质料,★★★★★,生1058 攻423 防529,珍存使装备者的效果抵抗提高【8%/10%/12%/14%/16%】，当装备者受到攻击后，如果自身未持有护盾，则获得1个等同于装备者【16%/20%/24%/28%/32%】生命上限的护盾，持续2回合。该效果每3回合只能触发1次。如果装备者持有护盾，则使自身受到的伤害降低【12%/15%/18%/21%/24%】。
符玄,朗道的选择,★★★★★,生952 攻423 防396,时光如梭使装备者受到攻击的概率提高，同时受到的伤害降低【16%/18%/20%/22%/24%】。
符玄,余生的第一天,★★★★,生952 攻370 防463,此刻定格使装备者的防御力提高【16%/18%/20%/22%/24%】。进入战斗后，使我方全体的全属性抗性提高【8%/9%/10%/11%/12%】。同类技能无法重复生效。
米沙,记一位星神的陨落,★★★★★,生1058 攻529 防396,扑火当装备者施放攻击时，使装备者本场战斗中的攻击力提高【8%/10%/12%/14%/16%】，该效果最多叠加4层。当装备者击破敌方目标弱点后，造成的伤害提高【12%/15%/18%/21%/24%】，持续2回合。
米沙,鼹鼠党欢迎你,★★★★,生1058 攻476 防264,奇妙冒险装备者施放普攻、战技或终结技攻击敌方目标后，分别获取一层【淘气值】。每层使装备者的攻击力提高【12%/15%/18%/21%/24%】。
米沙,铭记于心的约定,★★★★,生952 攻476 防330,传承使装备者的击破特攻提高【28%/35%/42%/49%/56%】。当装备者施放终结技时，暴击率提高【15%/18%/22%/26%/30%】，持续2回合。
米沙,秘密誓心,★★★★★,生1058 攻476 防264,竭力而为使装备者造成的伤害提高【20%/25%/30%/35%/40%】，同时对当前生命值百分比高于装备者自身当前生命值百分比的敌方目标造成的伤害额外提高【20%/25%/30%/35%/40%】。
素裳,于夜色中,★★★★★,生1058 攻582 防463,花与蝶使装备者的暴击率提高【18%/21%/24%/27%/30%】。当装备者在战斗中速度大于100时，每超过10点，普攻和战技造成的伤害提高【6%/7%/8%/9%/10%】，同时终结技的暴击伤害提高【12%/14%/16%/18%/20%】，该效果可叠加6层。
素裳,星海巡航,★★★★★,生952 攻529 防463,猎逐使装备者的暴击率提高【8%/10%/12%/14%/16%】，装备者对生命值百分比小于等于50%的敌方目标暴击率额外提高【8%/10%/12%/14%/16%】。当装备者消灭敌方目标后，攻击力提高【20%/25%/30%/35%/40%】，持续2回合。
素裳,如泥酣眠,★★★★★,生1058 攻582 防463,美梦使装备者的暴击伤害提高【30%/35%/40%/45%/50%】。当装备者的普攻或战技伤害未造成暴击时，使自身暴击率提高【36%/42%/48%/54%/60%】，持续1回合。该效果每3回合可以触发1次。
素裳,论剑,★★★★,生952 攻476 防330,各自的答案当装备者多次击中同一敌方目标时，每次造成的伤害提高【8%/10%/12%/14%/16%】，该效果最多叠加5层。若攻击目标发生变化，立即解除当前的增益效果。
绯英,邂逅于下一个花季,★★★★★,生952 攻635 防463,遐想使装备者的暴击伤害提高【60%/75%/90%/105%/120%】，能量恢复效率提高【10%/11.5%/13%/14.5%/16%】。装备者的能量上限大于120时，每超出10点能量上限额外使能量恢复效率提高0.3%，最多计入360点超出的能量上限。装备者施放欢愉技时，使敌方全体受到的伤害提高【15%/18.8%/22.5%/26.3%/30%】，持续2回合，同类效果无法叠加。
绯英,今日好手气,★★★★,生952 攻529 防396,抉择使装备者的暴击率提高【12%/14%/16%/18%/20%】。装备者施放欢愉技时，欢愉度提高【12%/14%/16%/18%/20%】，该效果最多叠加2次。
绯英,未来，有我们一起,★★★★,生952 攻476 防330,同行使装备者的暴击伤害提高【12%/15%/18%/21%/24%】。装备者施放终结技后，使我方全体欢愉度提高【8%/9%/10%/11%/12%】，持续1回合。
缇宝,如果时间是一朵花,★★★★★,生1270 攻529 防397,希冀使装备者的暴击伤害提高【36%/42%/48%/54%/60%】。装备者施放追加攻击后额外恢复12点能量，并获得【谕示】持续2回合。当装备者持有【谕示】时，我方全体目标的暴击伤害提高【48%/60%/72%/84%/96%】。进入战斗时，装备者恢复21点能量，并获得【谕示】，持续2回合。
缇宝,舞！舞！舞！,★★★★,生952 攻423 防396,停不下来啦！当装备者施放终结技后，我方全体行动提前【16%/18%/20%/22%/24%】。
缇宝,轮契,★★★,生846 攻317 防294,速决使装备者施放攻击或受到攻击后，额外恢复【4/5/6/7/8】点能量，该效果单个回合内不可重复触发。
罗刹,棺的回响,★★★★★,生1164 攻582 防396,荆棘使装备者的攻击力提高【24%/28%/32%/36%/40%】。当装备者施放攻击后，每击中1名不同的敌方目标，恢复【3.0/3.5/4.0/4.5/5.0】点能量，每次攻击最多通过该方式恢复3次能量。当装备者施放终结技后，使我方全体速度提高【12/14/16/18/20】点，持续1回合。
罗刹,惊魂夜,★★★★★,生1164 攻476 防529,深度深呼吸使装备者的能量恢复效率提高【12%/14%/16%/18%/20%】。我方目标施放终结技时，装备者为当前生命值百分比最低的我方目标回复等同于其【10%/11%/12%/13%/14%】生命上限的生命值。当装备者为我方目标提供治疗时，使该目标的攻击力提高【2.4%/2.8%/3.2%/3.6%/4.0%】，该效果最多叠加5层，持续2回合。
罗刹,等价交换,★★★★,生952 攻423 防396,酣适当装备者的回合开始时，随机为1个当前能量百分比小于50%的我方其他目标恢复【8/10/12/14/16】点能量。
罗刹,此时恰好,★★★★,生952 攻423 防396,折射的视线使装备者的效果抵抗提高【16%/20%/24%/28%/32%】，并使装备者的治疗量提高，提高数值等同于效果抵抗的【33%/36%/39%/42%/45%】，最多使治疗量提高【15%/18%/21%/24%/27%】。
罗刹,时节不居,★★★★,生1270 攻476 防463,日有四时使装备者生命上限提高【18%/21%/24%/27%/30%】，治疗量提高【12%/14%/16%/18%/20%】。当装备者对我方目标提供治疗时，记录治疗量。当任意我方目标施放攻击后，根据记录治疗量的【36%/42%/48%/54%/60%】，对随机1个受到攻击的敌方目标造成基于装备者属性的附加伤害。该伤害不受加成影响，每回合最多结算1次。
翡翠,偏偏希望无价,★★★★★,生952 攻582 防529,承诺使装备者的暴击率提高【16%/19%/22%/25%/28%】。当装备者在战斗中暴击伤害大于120%时，每超过20%，追加攻击造成的伤害提高【12%/14%/16%/18%/20%】，该效果可叠加4层。战斗开始时和装备者施放普攻后，使终结技或追加攻击造成的伤害无视目标【20%/24%/28%/32%/36%】的防御，持续2回合。
翡翠,不息的演算,★★★★★,生1058 攻529 防396,无界之思使装备者的攻击力提高【8%/9%/10%/11%/12%】。施放攻击后，每击中一名敌方目标，使攻击力额外提高【4%/5%/6%/7%/8%】，该效果最多叠加5次，持续至下次攻击后，若击中大于等于3名敌方目标，使自身速度提高【8%/10%/12%/14%/16%】，持续1回合。
翡翠,银河铁道之夜,★★★★★,生1164 攻582 防396,流星群场上每有1个敌方目标，使装备者的攻击力提高【9%/10.5%/12%/13.5%/15%】，该效果最多叠加5层。当有敌方目标的弱点被击破时，装备者造成的伤害提高【30%/35%/40%/45%/50%】，持续1回合。
翡翠,今日亦是和平的一日,★★★★,生846 攻529 防330,风雨将至进入战斗后，根据装备者的能量上限，提高装备者造成的伤害：每点能量提高【0.20%/0.25%/0.30%/0.35%/0.40%】，最多计入160点。
艾丝妲,记忆中的模样,★★★★,生952 攻423 防398,老相片使装备者的击破特攻提高【28%/35%/42%/49%/56%】。装备者施放攻击后，额外恢复【4/5/6/7/8】点能量，该效果单个回合内不可重复触发。
艾丝妲,但战斗还未结束,★★★★★,生1164 攻529 防463,继承人使装备者的能量恢复效率提高【10%/12%/14%/16%/18%】，并在对我方目标施放终结技时恢复1个战技点。该效果每施放2次终结技可触发1次。当装备者施放战技后，使下一个行动的我方其他目标造成的伤害提高【30%/35%/40%/45%/50%】，持续1回合。
艾丝妲,镂月裁云之意,★★★★★,生952 攻476 防330,"秘密在战斗开始时以及当装备者回合开始时,随机生效1个效果。该效果生效时，替换上次的效果且本次不会与上次重复。效果包含:使我方全体攻击力提高【10%/12%/15%/17%/20%】;使我方全体暴击伤害提高【12%/15%/18%/21%/24%】;使我方全体能量恢复效率提高【6%/7%/9%/10%/12%】。同类效果无法叠加,在装备者陷入无法战斗状态时解除"
艾丝妲,舞！舞！舞！,★★★★,生952 攻423 防396,停不下来啦！当装备者施放终结技后，我方全体行动提前【16%/18%/20%/22%/24%】。
艾丝妲,与行星相会,★★★★,生1058 攻423 防330,启程进入战斗后，当我方目标造成与装备者相同属性的伤害时，造成的伤害提高【12%/15%/18%/21%/24%】。
艾丝妲,过往未来,★★★★,生952 攻423 防396,旧日纸鸢当装备者施放战技后，使下一个行动的我方其他目标造成的伤害提高【16%/20%/24%/28%/32%】，持续1回合。
艾丝妲,轮契,★★,生846 攻317 防264,速决使装备者施放攻击或受到攻击后，额外恢复【4/5/6/7/8】点能量，该效果单个回合内不可重复触发。
花火,游戏尘寰,★★★★★,生1164 攻529 防463,善变使装备者的暴击伤害提高【32%/39%/46%/53%/60%】。战斗开始时，使装备者获得【假面】，持续3回合。当装备者持有【假面】时，装备者的队友暴击率提高【10%/11%/12%/13%/14%】，暴击伤害提高【28%/35%/42%/49%/56%】。装备者每恢复1个战技点，获得1层【彩焰】，恢复时溢出的战技点也会被计算在内。当【彩焰】达到4层后，移除所有【彩焰】并获得【假面】，持续4回合。
花火,但战斗还未结束,★★★★★,生1164 攻529 防463,继承人使装备者的能量恢复效率提高【10%/12%/14%/16%/18%】，并在对我方目标施放终结技时恢复1个战技点。该效果每施放2次终结技可触发1次。当装备者施放战技后，使下一个行动的我方其他目标造成的伤害提高【30%/35%/40%/45%/50%】，持续1回合。
花火,舞！舞！舞！,★★★★,生952 攻423 防396,停不下来啦！当装备者施放终结技后，我方全体行动提前【16%/18%/20%/22%/24%】。
花火,过往未来,★★★★,生952 攻423 防396,旧日纸鸢当装备者施放战技后，使下一个行动的我方其他目标造成的伤害提高【16%/20%/24%/28%/32%】，持续1回合。
花火,与行星相会 （量子队可用）,★★★★,生1058 攻423 防330,启程进入战斗后，当我方目标造成与装备者相同属性的伤害时，造成的伤害提高【12%/15%/18%/21%/24%】。
花火,回到大地的飞行,★★★★★,生1164 攻476 防529,再启程当装备者对我方单体角色施放战技或终结技后，装备者恢复【6.0/6.5/7.0/7.5/8.0】点能量，同时使技能目标获得1层【圣咏】，持续3回合，最多叠加3层，每层【圣咏】使持有者造成的伤害提高【15%/17%/19%/21%/24%】。装备者每对我方单体角色施放2次战技或终结技后，恢复1个战技点。
藿藿,惊魂夜,★★★★★,生1164 攻476 防529,深度深呼吸使装备者的能量恢复效率提高【12%/14%/16%/18%/20%】。我方目标施放终结技时，装备者为当前生命值百分比最低的我方目标回复等同于其【10%/11%/12%/13%/14%】生命上限的生命值。当装备者为我方目标提供治疗时，使该目标的攻击力提高【2.4%/2.8%/3.2%/3.6%/4.0%】，该效果最多叠加5层，持续2回合。
藿藿,时节不居,★★★★,生1270 攻476 防463,日有四时使装备者生命上限提高【18%/21%/24%/27%/30%】，治疗量提高【12%/14%/16%/18%/20%】。当装备者对我方目标提供治疗时，记录治疗量。当任意我方目标施放攻击后，根据记录治疗量的【36%/42%/48%/54%/60%】，对随机1个受到攻击的敌方目标造成基于装备者属性的附加伤害。该伤害不受加成影响，每回合最多结算1次。
藿藿,嘿，我在这儿,★★★★,生952 攻423 防396,不怕不怕啦使装备者的生命上限提高【8%/9%/10%/11%/12%】。当装备者施放战技时，治疗量提高【16%/19%/22%/25%/28%】，持续2回合。
藿藿,同一种心情,★★★★,生952 攻423 防396,救治与维修使装备者的治疗量提高【10%/12%/15%/17%/20%】，并在施放战技时为我方全体恢复【2.0/2.5/3.0/3.5/4.0】点能量。
虎克,记一位星神的陨落,★★★★★,生1058 攻529 防396,扑火当装备者施放攻击时，使装备者本场战斗中的攻击力提高【8%/10%/12%/14%/16%】，该效果最多叠加4层。当装备者击破敌方目标弱点后，造成的伤害提高【12%/15%/18%/21%/24%】，持续2回合。
虎克,汪！散步时间！,★★★★,生952 攻476 防330,快溜使装备者的攻击力提高【10%/12%/15%/17%/20%】，对处于灼烧或裂伤状态的敌方目标造成的伤害提高【16%/20%/24%/28%/32%】，该效果对持续伤害也会生效。
虎克,鼹鼠党欢迎你,★★★★★,生1058 攻476 防264,奇妙冒险装备者施放普攻、战技或终结技攻击敌方目标后，分别获取一层【淘气值】。每层使装备者的攻击力提高【12%/15%/18%/21%/24%】。
虎克,无可取代的东西,★★★★,生1164 攻582 防396,家人使装备者的攻击力提高【24%/28%/32%/36%/40%】。当装备者消灭敌方目标或受到攻击后，立即回复等同于装备者攻击力【8%/9%/10%/11%/12%】的生命值，同时造成的伤害提高【24%/28%/32%/36%/40%】，持续到自身下个回合结束。该效果不可叠加，每回合只可触发1次。
貊泽,纯粹思维的洗礼,★★★★,生952 攻582 防529,思想训练使装备者的暴击伤害提高【20%/23%/26%/29%/32%】。敌方目标每承受1个负面效果，装备者对其造成的暴击伤害额外提高【8%/9%/10%/11%/12%】，最多叠加3层。施放终结技攻击敌方目标时，使装备者获得【论辩】效果，造成的伤害提高【36%/42%/48%/54%/60%】，追加攻击无视目标【24%/28%/32%/36%/40%】的防御力，该效果持续2回合。
貊泽,烦恼着，幸福着,★★★★★,生1058 攻582 防463,一个一个来使装备者暴击率提高【18%/21%/24%/27%/30%】，追加攻击造成的伤害提高【30%/35%/40%/45%/50%】。装备者施放追加攻击后，使目标陷入【温驯】状态，该效果最多叠加2层。我方目标击中【温驯】状态下的敌方目标时，每层【温驯】使造成的暴击伤害提高【12%/14%/16%/18%/20%】。
貊泽,星海巡航,★★★★★,生952 攻529 防463,猎逐使装备者的暴击率提高【8%/10%/12%/14%/16%】，装备者对生命值百分比小于等于50%的敌方目标暴击率额外提高【8%/10%/12%/14%/16%】。当装备者消灭敌方目标后，攻击力提高【20%/25%/30%/35%/40%】，持续2回合。
貊泽,论剑,★★★★,生952 攻476 防330,各自的答案当装备者多次击中同一敌方目标时，每次造成的伤害提高【8%/10%/12%/14%/16%】，该效果最多叠加5层。若攻击目标发生变化，立即解除当前的增益效果。
赛飞儿,谎言在风中飘扬,★★★★★,生952 攻582 防529,欺瞒使装备者的速度提高【18%/21%/24%/27%/30%】。装备者施放攻击后，有120%的基础概率使敌方每个单体目标陷入【茫然】状态，【茫然】状态下的敌方目标防御力降低【16%/18%/20%/22%/24%】，持续2回合，若装备者的速度大于等于170，有120%的基础概率使敌方每个单体目标陷入【失窃】状态，【失窃】状态下的敌方目标防御力降低【8%/9%/10%/11%/12%】，持续2回合。【茫然】或【失窃】被重复施加时，仅最新施加的生效。
赛飞儿,行于流逝的岸,★★★★★,生1058 攻635 防396,司渡使装备者的暴击伤害提高【36%/42%/48%/54%/60%】。当装备者击中敌方目标时，使敌方陷入【泡影】状态，持续1回合。装备者每次攻击时，对每个目标只可触发1次。装备者对陷入【泡影】状态的目标造成的伤害提高【24%/28%/32%/36%/40%】，终结技造成的伤害额外提高【24%/28%/32%/36%/40%】。
赛飞儿,决心如汗珠般闪耀,★★★★,生952 攻476 防330,回眸当装备者击中敌方目标时，如果该目标不处于【攻陷】状态，则有【60%/70%/80%/90%/100%】的基础概率使其陷入【攻陷】状态。【攻陷】状态下的敌方目标防御力降低【12%/13%/14%/15%/16%】，持续1回合。
赛飞儿,晚安与睡颜,★★★★,生952 攻476 防330,劳碌者敌方目标每承受一个负面状态，装备者对其造成的伤害提高【12%/15%/18%/21%/24%】最多叠加3次。该效果对持续伤害也会生效。
远坂凛,星火悄然闪耀,★★★★★,生847 攻635 防529,萌芽使装备者的暴击率提高【18%/21%/24%/27%/30%】。我方任意角色在自身同一回合内累计消耗大于等于4点战技点时，装备者获得【闪耀王冠】，持续3回合。装备者持有【闪耀王冠】时，我方全体造成的伤害无视目标【20%/24%/28%/32%/36%】的防御力，装备者造成的战技伤害提高【72%/84%/96%/108%/120%】，同类效果无法叠加。
远坂凛,向着不可追问处,★★★★★,生953 攻635 防463,思维游戏使装备者的暴击率提高【12%/14%/16%/18%/20%】。装备者施放终结技时，使装备者战技和终结技造成的伤害提高【60%/70%/80%/90%/100%】，持续3回合。装备者施放终结技后，若本次终结技消耗的能量大于等于140点，恢复1个战技点。
远坂凛,不息的演算,★★★★,生1058 攻529 防396,无界之思使装备者的攻击力提高【8%/9%/10%/11%/12%】。施放攻击后，每击中一名敌方目标，使攻击力额外提高【4%/5%/6%/7%/8%】，该效果最多叠加5次，持续至下次攻击后，若击中大于等于3名敌方目标，使自身速度提高【8%/10%/12%/14%/16%】，持续1回合。
远坂凛,今日亦是和平的一日,★★★★,生846 攻529 防330,风雨将至进入战斗后，根据装备者的能量上限，提高装备者造成的伤害：每点能量提高【0.20%/0.25%/0.30%/0.35%/0.40%】，最多计入160点。
遐蝶,让告别，更美一些,★★★★★,生1270 攻529 防396,铭刻使装备者的生命上限提高【30%/37%/45%/52%/60%】，装备者或装备者的忆灵在自身回合内损失生命值时，装备者获得【冥花】，【冥花】可以使装备者和装备者的忆灵造成伤害时，无视目标【30%/35%/40%/45%/50%】的防御力，持续2回合。当装备者的忆灵消失时，使装备者行动提前【12%/15%/18%/21%/24%】。该效果最多触发1次装备者每次施放终结技时重置触发次数。
遐蝶,多流汗，少流泪,★★★★,生1058 攻529 防198,来练！使装备者的暴击率提高【12%/14%/16%/18%/20%】，装备者的忆灵在场上时，装备者与忆灵造成的伤害提高【24%/27%/30%/33%/36%】。
遐蝶,记忆永不落幕 (配诗人套不能超过叠影2级）,★★★★,生1058 攻529 防396,收取使装备者的速度提高【6%/7.5%/9%/10.5%/12%】。装备者施放战技后，使我方全体造成的伤害提高【8%/10%/12%/14%/16%】，持续3回合。
那刻夏,生命当付之一炬,★★★★★,生952 攻582 防529,"熔炼装备者回合开始时恢复10点能量。若敌方目标拥有装备者添加的弱点，装备者对其造成的伤害提高【60%/70%/80%/90%/100%】。
当敌方目标受到装备者攻击时，装备者使其防御力降低【12%/15%/18%/21%/24%】，持续2回合。同类效果无法叠加。"
那刻夏,向着不可追问处,★★★★,生953 攻635 防463,思维游戏使装备者的暴击率提高【12%/14%/16%/18%/20%】。装备者施放终结技时，使装备者战技和终结技造成的伤害提高【60%/70%/80%/90%/100%】，持续3回合。装备者施放终结技后，若本次终结技消耗的能量大于等于140点，恢复1个战技点。
那刻夏,不息的演算,★★★★,生1058 攻529 防396,无界之思使装备者的攻击力提高【8%/9%/10%/11%/12%】。施放攻击后，每击中一名敌方目标，使攻击力额外提高【4%/5%/6%/7%/8%】，该效果最多叠加5次，持续至下次攻击后，若击中大于等于3名敌方目标，使自身速度提高【8%/10%/12%/14%/16%】，持续1回合。
那刻夏,宇宙大生意,★★★★,生953 攻476 防330,互惠使装备者的攻击力提高【8%/10%/12%/14%/16%】。敌方目标每拥有1个不同属性的弱点，装备者对其造成的伤害提高【4%/5%/6%/7%/8%】，最多计入7个。
银枝,片刻，留在眼底,★★★★★,生1058 攻582 防463,骑士巡礼使装备者的暴击伤害提高【36%/42%/48%/54%/60%】。当装备者施放终结技时，根据装备者的能量上限，提高装备者终结技造成的伤害：每点能量提高【0.36%/0.42%/0.48%/0.54%/0.60%】，最多计入180点。
银枝,今日亦是和平的一日,★★★★★,生846 攻529 防330,"风雨将至进入战斗后,根据装备者的能量上限，提高装备者造成的伤害:每点能量提高【0.20%/0.25%/0.30%/0.35%/0.40%】，最多计入160点。"
银枝,向着不可追问处,★★★★★,生953 攻635 防463,思维游戏使装备者的暴击率提高【12%/14%/16%/18%/20%】。装备者施放终结技时，使装备者战技和终结技造成的伤害提高【60%/70%/80%/90%/100%】，持续3回合。装备者施放终结技后，若本次终结技消耗的能量大于等于140点，恢复1个战技点。
银枝,拂晓之前,★★★★★,生1058 攻582 防463,"长夜使装备者暴击伤害提高【36%/42%/48%/54%/60%】。使装备者战技和终结技造成的伤害提高【18%/21%/24%/27%/30%】。当装备者施放战技或终结技后,获得【梦身】效果。触发追加攻击时，消耗【梦身】，使追加攻击造成的伤害提高【48%/56%/64%/72%/80%】。"
银枝,不息的演算,★★★★,生1058 攻529 防396,无界之思使装备者的攻击力提高【8%/9%/10%/11%/12%】。施放攻击后，每击中一名敌方目标，使攻击力额外提高【4%/5%/6%/7%/8%】，该效果最多叠加5次，持续至下次攻击后，若击中大于等于3名敌方目标，使自身速度提高【8%/10%/12%/14%/16%】，持续1回合。
银狼,雨一直下,★★★★★,生1058 攻582 防463,幻影现实使装备者的效果命中提高【24%/28%/32%/36%/40%】。当装备者对同时处于大于等于3个负面效果的敌方目标造成伤害时，暴击率提高【12%/14%/16%/18%/20%】。装备者施放普攻、战技、终结技后，有100%的基础概率对随机1个未持有【以太编码】的受击目标施加【以太编码】。持有【以太编码】的目标受到的伤害提高【12%14%/16%/18%/20%】，持续1回合。
银狼,新手任务开始前,★★★★★,生952攻476 防350,眼疾手快使装备者的效果命中提高【20%/25%/30%/35%/40%】。当装备者攻击防御力被降低的敌方目标后，恢复【4/5/6/7/8】点能量。
银狼,决心如汗珠般闪耀,★★★★,生952 攻476 防330,回眸当装备者击中敌方目标时，如果该目标不处于【攻陷】状态，则有【60%/70%/80%/90%/100%】的基础概率使其陷入【攻陷】状态。【攻陷】状态下的敌方目标防御力降低【12%/13%/14%/15%16%】，持续1回合。
银狼,以世界之名,★★★★,生1058 攻582 防463,"传承者使装备者对陷入负面效果的敌方目标造成的伤害提高【24%/28%/32%/36%/40%】。当装备者施放战技时,装备者此次攻击的效果命中提高【18%/21%/24%/27%/30%】，攻击力提高【24%/28%/32%/36%/40%】。"
银狼,行于流逝的岸,★★★★,生1058 攻635 防396,司渡使装备者的暴击伤害提高【36%/42%/48%/54%/60%】。当装备者击中敌方目标时，使敌方陷入【泡影】状态，持续1回合。装备者每次攻击时，对每个目标只可触发1次。装备者对陷入【泡影】状态的目标造成的伤害提高【24%/28%/32%/36%/40%】，终结技造成的伤害额外提高【24%/28%/32%/36%/40%】。
银狼,晚安与睡颜,★★★★,生952 攻476 防330,劳碌者敌方目标每承受一个负面状态，装备者对其造成的伤害提高【12%/15%/18%/21%/24%】最多叠加3次。该效果对持续伤害也会生效。
银狼LV.999,欢迎来到银河城,★★★★★,生1164 攻476 防529,稳赢使装备者的速度提高【18%/21%/24%/27%/30%】，造成的欢愉伤害无视目标【20%/24%/28%/32%/36%】的防御力。当装备者对自身单体施放终结技时，获得【20/25/30/35/40】点【笑点】。该效果最多触发1次，施放3次普攻后重置可触发次数。
银狼LV.999,今日好手气,★★★★,生953 攻529 防396,憧憬使装备者的暴击率提高【12%/14%/16%/18%/20%】。装备者施放欢愉技时，欢愉度提高【12%/14%/16%/18%/20%】，该效果最多叠加2次。
银狼LV.999,当她决定看见,★★★★,生1058 攻529 防529,"破局使装备者的速度提高【18%/21%/24%/27%/30%】。装备者进入战斗或对我方目标施放终结技时，使装备者获得【上上签】，持续3回合。当装备者持有【上上签】时，我方全体暴击率提高【10%/11%/12%/13%/14%】，暴击伤害提高【30%/37.5%/45%/52.5%/60%】，装备者自身能量恢复效率提高【12%/14%/16%/18%/20%】。
每个波次开始时，装备者固定恢复15点能量。"
银狼LV.999,菇菇嘎嘎历险记,★★★★,生847 攻476 防396,乱斗使装备者的欢愉度提高【12%/14%/16%/18%/20%】。装备者施放欢愉技时，使敌方全体受到的欢愉伤害提高【6%/7%/8%/9%/10%】，持续2回合。
银狼LV.999,未来，有我们一起,★★★★,生953 攻476 防331,同行使装备者的暴击伤害提高【12%/15%/18%/21%/24%】。装备者施放终结技后，使我方全体欢愉度提高【8%/9%/10%/11%/12%】，持续1回合。
镜流,此身为剑,★★★★★,生1164 攻582 防396,执此宵玉使装备者的暴击伤害提高【20%/23%/26%/29%/32%】。当队友受到攻击或消耗生命值后，装备者获得1层【月蚀】，最多叠加3层。每层【月蚀】使装备者下一次攻击造成的伤害提高【14%/16.5%/19%/21.5%/24%】。叠满3层时，额外使该次攻击无视目标【12%/14%/16%/18%/20%】的防御力。该效果在装备者施放攻击后解除。
镜流,记一位星神的陨落,★★★★,生1058 攻529 防396,扑火当装备者施放攻击时，使装备者本场战斗中的攻击力提高【8%/10%/12%/14%/16%】，该效果最多叠加4层。当装备者击破敌方目标弱点后，造成的伤害提高【12%/15%/18%/21%/24%】，持续2回合。
镜流,无可取代的东西,★★★★,生1164 攻582 防396,"家人使装备者的攻击力提高【24%/28%/32%/36%/40%】。当装备者消灭敌方目标或受到攻击后,立即回复等同于装备者攻击力【8%/9%/10%/11%/12%】的生命值,同时造成的伤害提高【24%/28%/32%/36%/40%】持续到自身下个回合结束。该效果不可叠加,每回合只可触发一次。"
长夜月,致长夜的星光,★★★★★,生1164 攻529 防463,未眠使装备者的生命上限提高【30%/37.5%/45%/52.5%/60%】。装备者的忆灵施放技能时，使装备者获得【夜色】。装备者持有【夜色】时，我方全体忆灵造成的伤害无视目标【20%/22.5%/25%/27.5%/30%】的防御力，装备者和装备者忆灵造成的伤害提高【30%/37.5%/45%/52.5%/60%】，装备者的忆灵消失时为装备者恢复【8/10/12/14/16】点能量，同类效果无法叠加。
长夜月,让告别，更美一些,★★★★,生1270 攻529 防396,铭刻使装备者的生命上限提高【30%/37.5%/45%/52.5%/60%】，装备者或装备者的忆灵在自身回合内损失生命值时，装备者获得【冥花】，【冥花】可以使装备者和装备者的忆灵造成伤害时，无视目标【30%/35%/40%/45%/50%】的防御力，持续2回合。当装备者的忆灵消失时，使装备者行动提前【12%/15%/18%/21%/24%】。该效果最多触发1次，装备者每次施放终结技时重置触发次数。
长夜月,花儿不会忘记,★★★★,生1058 攻529 防330,相依为命使装备者的暴击伤害提高【24%/28%/32%/36%/40%】。装备者忆灵造成的暴击伤害额外提高【24%/30%/36%/42%/48%】。
长夜月,记忆永不落幕,★★★★,生1058 攻529 防396,收取使装备者的速度提高【6%/7.5%/9%/10.5%/12%】。装备者施放战技后，使我方全体造成的伤害提高【8%/10%/12%/14%/16%】，持续3回合。
阮•梅,镜中故我,★★★★★,生1058 攻529 防529,"彻骨梅香使装备者击破特攻提高【60%/70%/80%/90%/100%】。装备者施放终结技后，使我方全体造成的伤害提高【24%/28%/32%/36%/40%】，持续3回合，并且若装备者击破特攻大于等于150%，则恢复1个战技点。
每个波次开始时，我方全体立即恢复【10.0/12.5/15.0/17.5/20.0】点能量，同类技能无法重复生效。"
阮•梅,记忆中的模样,★★★★★,生952 攻423 防396,老相片使装备者的击破特攻提高【28%/35%/42%/49%/56%】。装备者施放攻击后，额外恢复【4/5/6/7/8】点能量，该效果单个回合内不可重复触发。
阮•梅,舞！舞！舞！,★★★★,生952 攻423 防396,停不下来啦！当装备者施放终结技后，我方全体行动提前【16%/18%/20%/22%/24%】。
阿兰,比阳光更明亮的,★★★★★,生1058 攻635 防396,抵死使装备者的暴击率提高【18%/21%/24%/27%/30%】。当装备者施放普攻时，获得1层【龙吟】，持续2回合。每层【龙吟】使装备者的攻击力提高【18%/21%/24%/27%/30%】，能量恢复效率提高【6.0%/7.0%/8.0%/9.0%/10.0%】。【龙吟】最多叠加2层。
阿兰,到不了的彼岸,★★★★★,生1270 攻582 防330,"不得使装备者的暴击率提高【18%/21%/24%/27%/30%】，生命上限提高【18%/21%/24%/27%/30%】。当装备者受到攻击或装备者消耗自身生命值后,造成的伤害提高【24%/28%/32%/36%/40%】，该效果在装备者施放攻击后解除。"
阿兰,无可取代的东西,★★★★★,生1164 攻582 防396,家人使装备者的攻击力提高【24%/28%/32%/36%/40%】。当装备者消灭敌方目标或受到攻击后，立即回复等同于装备者攻击力【8%/9%/10%/11%/12%】的生命值，同时造成的伤害提高【24%/28%/32%/36%/40%】，持续到自身下个回合结束。该效果不可叠加，每回合只可触发1次。
阿兰,记一位星神的陨落,★★★★★,生1058 攻529 防396,扑火当装备者施放攻击时，使装备者本场战斗中的攻击力提高【8%/10%/12%/14%/16%】，该效果最多叠加4层。当装备者击破敌方目标弱点后，造成的伤害提高【12%/15%/18%/21%/24%】，持续2回合。
阿兰,秘密誓心,★★★★★,生1058 攻476 防264,竭力而为使装备者造成的伤害提高【20%/25%/30%/35%/40%】，同时对当前生命值百分比高于装备者自身当前生命值百分比的敌方目标造成的伤害额外提高【20%/25%/30%/35%/40%】。
阿格莱雅,将光阴织成黄金,★★★★★,生1058 攻635 防396,创设使装备者的基础速度提高【12/14/16/18/20】，装备者和装备者的忆灵在攻击后使装备者获得1层【织锦】，每层【织锦】使装备者和装备者的忆灵暴击伤害提高【9%/10.5%/12%/13.5%/15%】，最多叠加6层。叠加至上限时，每层【织锦】额外使造成的普攻伤害提高【9%/10.5%/12%/13.5%/15%】。
阿格莱雅,天才们的问候,★★★★,生953 攻476 防330,恭喜使装备者的攻击力提高【16%/20%/24%/28%/32%】，装备者施放终结技后，使装备者与忆灵造成的普攻伤害提高【20%/25%/30%/35%/40%】，持续3回合。
阿格莱雅,多流汗，少流泪,★★★★,生1058 攻529 防198,来练！使装备者的暴击率提高【12%/14%/16%/18%/20%】，装备者的忆灵在场上时，装备者与忆灵造成的伤害提高【24%/27%/30%/33%/36%】。
雪衣,梦应归于何处,★★★★★,生1164 攻476 防529,蜕变使装备者的击破特攻提高【60%/70%/80%/90%/100%】。当装备者对敌方目标造成击破伤害时，使敌方陷入【溃败】状态，持续2回合。【溃败】状态下目标受到装备者造成的击破伤害提高【24.0%/28.0%/32.0%/36.0%/40.0%】，速度降低20%，同类效果无法叠加。
雪衣,记一位星神的陨落,★★★★★,生1058 攻529 防396,扑火当装备者施放攻击时，使装备者本场战斗中的攻击力提高【8%/10%/12%/14%/16%】，该效果最多叠加4层。当装备者击破敌方目标弱点后，造成的伤害提高【12%/15%/18%/21%/24%】，持续2回合。
雪衣,比阳光更明亮的,★★★★★,生1058 攻635 防396,抵死使装备者的暴击率提高【18%/21%/24%/27%/30%】。当装备者施放普攻时，获得1层【龙吟】，持续2回合。每层【龙吟】使装备者的攻击力提高【18%/21%/24%/27%/30%】，能量恢复效率提高【6.0%/7.0%/8.0%/9.0%/10.0%】。【龙吟】 最多叠加2层。
雪衣,在蓝天下,★★★★,生952 攻476 防330,暖阳麦浪使装备者攻击力提高【16%/20%/24%/28%/32%】，消灭敌方目标后，暴击率提高【12%/15%/18%/21%/24%】，持续3回合。
雪衣,鼹鼠党欢迎你,★★★★,生1054 攻476 防264,奇妙冒险装备者施放普攻、战技或终结技攻击敌方目标后，分别获取一层【淘气值】。每层使装备者的攻击力提高【12%/15%/18%/21%/24%】。
青雀,拂晓之前,★★★★★,生1058 攻582 防463,长夜使装备者暴击伤害提高【36%/42%/48%/54%/60%】。使装备者战技和终结技造成的伤害提高【18%/21%/24%/27%/30%】。当装备者施放战技或终结技后，获得【梦身】效果。触发追加攻击时，消耗【梦身】，使追加攻击造成的伤害提高【48%/56%/64%/72%/80%】。
青雀,今日亦是和平的一日,★★★★,生846 攻529 防330,风雨将至进入战斗后，根据装备者的能量上限，提高装备者造成的伤害：每点能量提高【0.20%/0.25%/0.30%/0.35%/0.40%】，最多计入160点。
青雀,银河铁道之夜,★★★★★,生1164 攻582 防396,流星群当场上每有1个敌方目标，使装备者的攻击力提高【9%/10.5%/12%/13.5%/15%】，最多叠加5层。当有敌方目标的弱点被击破时，装备者造成的伤害提高【30%/35%/40%/45%/50%】，持续1回合。
风堇,愿虹光永驻天空,★★★★★,生1164 攻476 防529,包容使装备者的速度提高 【18%/21%/24%/27%/30% 】。装备者施放普攻、战技和终结技时消耗我方全体等同于当前生命值 【1%/1.2%/1.5%/1.7%/2%】的生命值并使装备者的忆灵下一次攻击后额外对攻击目标造成1次等同于【250%/312.5%/375%/437.5%/500%】生命值消耗总量的基于装备者的忆灵属性的附加伤害，随后清空生命值消耗总量。装备者的忆灵施放忆灵技时，使敌方全体受到的伤害提高 【18.0%/22.5%/27.0%/31.5%/36.0%】 ，持续 2 回合。同类效果无法叠加。
风堇,记忆永不落幕,★★★★,生1058 攻529 防396,收取使装备者的速度提高【6%/7.5%/9%/10.5%/12%】。装备者施放战技后，使我方全体造成的伤害提高【8%/10%/12%/14%/16%】，持续3回合。
风堇,让告别，更美一些,★★★★,生1270 攻529 防396,铭刻使装备者的生命上限提高【30%/37%/45%/52%/60%】，装备者或装备者的忆灵在自身回合内损失生命值时，装备者获得【冥花】，【冥花】可以使装备者和装备者的忆灵造成伤害时，无视目标【30%/35%/40%/45%/50%】的防御力，持续2回合。当装备者的忆灵消失时，使装备者行动提前【12%/15%/18%/21%/24%】。该效果最多触发1次装备者每次施放终结技时重置触发次数。
飞霄,我将，巡征追猎,★★★★★,生952 攻635 防463,震慑使装备者的暴击率提高【15.0%/17.5%/20.0%/22.5%/25.0%】。装备者施放追加攻击时，获得1层【流光】，最多叠加2层。每层【流光】使装备者造成的终结技伤害无视目标【27%/30%/33%/36%/39%】的防御力。装备者回合结束时，移除1层【流光】。
飞霄,纯粹思维的洗礼,★★★★★,生952 攻582 防529,思想训练使装备者的暴击伤害提高【20%/23%/26%/29%/32%】。敌方目标每承受1个负面效果，装备者对其造成的暴击伤害额外提高【8%/9%/10%/11%/12%】，最多叠加3层。施放终结技攻击敌方目标时，使装备者获得【论辩】效果，造成的伤害提高【36%/42%/48%/54%/60%】，追加攻击无视目标【24%/28%/32%/36%/40%】的防御力，该效果持续2回合。
飞霄,烦恼着，幸福着,★★★★★,生1058 攻582 防463,一个一个来使装备者暴击率提高【18%/21%/24%/27%/30%】，追加攻击造成的伤害提高【30%/35%/40%/45%/50%】。装备者施放追加攻击后，使目标陷入【温驯】状态，该效果最多叠加2层。我方目标击中【温驯】状态下的敌方目标时，每层【温驯】使造成的暴击伤害提高【12%/14%/16%/18%/20%】。
飞霄,星海巡航,★★★★,生952 攻529 防463,猎逐使装备者的暴击率提高【8%/10%/12%/14%/16%】，装备者对生命值百分比小于等于50%的敌方目标暴击率额外提高【8%/10%/12%/14%/16%】。当装备者消灭敌方目标后，攻击力提高【20%/25%/30%/35%/40%】，持续2回合。
飞霄,论剑,★★★★,生952 攻476 防330,各自的答案当装备者多次击中同一敌方目标时，每次造成的伤害提高【8%/10%/12%/14%/16%】，该效果最多叠加5层。若攻击目标发生变化，立即解除当前的增益效果。
驭空,但战斗还未结束,★★★★,生1164 攻529 防463,继承人使装备者的能量恢复效率提高【10%/12%/14%/16%/18%】，并在对我方目标施放终结技时恢复1个战技点。该效果每施放2次终结技可触发1次。当装备者施放战技后，使下一个行动的我方其他目标造成的伤害提高【30%/35%/40%/45%/50%】，持续1回合。
驭空,游戏尘寰,★★★★★,生1164 攻529 防463,善变使装备者的暴击伤害提高【32%/39%/46%/53%/60%】。战斗开始时，使装备者获得【假面】，持续3回合。当装备者持有【假面】时，装备者的队友暴击率提高【10%/11%/12%/13%/14%】，暴击伤害提高【28%/35%/42%/49%/56%】。装备者每恢复1个战技点，获得1层【彩焰】，恢复时溢出的战技点也会被计算在内。当【彩焰】达到4层后，移除所有【彩焰】并获得【假面】，持续4回合。
驭空,舞！舞！舞！,★★★★,生952 攻423 防396,停不下来啦！当装备者施放终结技后，我方全体行动提前【16%/18%/20%/22%/24%】。
驭空,过往未来,★★★★★,生952 攻423 防396,旧日纸鸢当装备者施放战技后，使下一个行动的我方其他目标造成的伤害提高【16%/20%/24%/28%/32%】，持续1回合。
驭空,与行星相会,★★★★,生1058 攻423 防330,启程进入战斗后，当我方目标造成与装备者相同属性的伤害时，造成的伤害提高【12%/15%/18%/21%/24%】。
黄泉,行于流逝的岸,★★★★★,生1058 攻635 防396,司渡使装备者的暴击伤害提高【36%/42%/48%/54%/60%】。当装备者击中敌方目标时，使敌方陷入【泡影】状态，持续1回合。装备者每次攻击时，对每个目标只可触发1次。装备者对陷入【泡影】状态的目标造成的伤害提高【24%/28%/32%/36%/40%】，终结技造成的伤害额外提高【24%/28%/32%/36%/40%】。
黄泉,无边曼舞,★★★★,生952 攻476 防330,试探使装备者的暴击率提高【8%/10%/12%/14%/16%】。装备者对处于防御降低或减速状态下的敌人造成的暴击伤害提高【24%/30%/36%/42%/48%】。
黄泉,以世界之名,★★★★,生1058 攻582 防463,传承者使装备者对陷入负面效果的敌方目标造成的伤害提高【24%/28%/32%/36%/40%】。当装备者施放战技时，装备者此次攻击的效果命中提高【18%/21%/24%/27%/30%】，攻击力提高【24%/28%/32%/36%/40%】。
黑塔,拂晓之前,★★★★★,生1058 攻582 防463,长夜使装备者暴击伤害提高【36%/42%/48%/54%/60%】。使装备者战技和终结技造成的伤害提高【18%/21%/24%/27%/30%】。当装备者施放战技或终结技后，获得【梦身】效果。触发追加攻击时，消耗【梦身】，使追加攻击造成的伤害提高【48%/56%/64%/72%/80%】。
黑塔,银河铁道之夜,★★★★,生1164 攻582 防396,流星群当场上每有1个敌方目标，使装备者的攻击力提高【9%/10.5%/12%/13.5%/15%】，最多叠加5层。当有敌方目标的弱点被击破时，装备者造成的伤害提高【30%/35%/40%/45%/50%】，持续1回合。
黑塔,今日亦是和平的一日,★★★★,生846 攻529 防330,风雨将至进入战斗后，根据装备者的能量上限，提高装备者造成的伤害：每点能量提高【0.20%/0.25%/0.30%/0.35%/0.40%】，最多计入160点。
黑塔,「我」的诞生,★★★★,生952 攻476 防330,画像少女使装备者追加攻击造成的伤害提高【24%/30%/36%/42%/48%】。若该敌方目标当前生命值百分比小于等于50%，则追加攻击造成的伤害额外提高【24%/30%/36%/42%/48%】。
黑天鹅,重塑时光之忆,★★★★★,生1058 攻582 防463,结晶使装备者的效果命中提高【40%/45%/50%/55%/60%】。装备者对陷入风化、灼烧、触电、裂伤状态的敌方目标造成伤害时，分别获得1层【先知】，最多叠加4层。单场战斗中，每种持续伤害状态类型仅可叠加1次【先知】效果。每层【先知】使装备者的攻击力提高【5%/6%/7%/8%/9%】，造成的持续伤害无视目标【7.2%/7.9%/8.6%/9.3%/10.0%】的防御力。
黑天鹅,那无数个春天,★★★★★,生953 攻582 防529,世事无痕使装备者的效果命中提高【60%/70%/80%/90%/100%】，装备者施放普攻、战技、终结技攻击敌方目标后，有60%的基础概率使其陷入【卸甲】状态。【卸甲】状态下，敌方目标受到的伤害提高【10%/12%/14%/16%/18%】，持续2回合。若目标处于装备者施加的持续伤害状态，则有60%的基础概率将装备者施加的【卸甲】状态升级成【穷寇】状态，使敌方目标受到的伤害额外提高【14%/16%/18%/20%/22%】，持续2回合，期间装备者无法对其施加【卸甲】。
黑天鹅,猎物的视线,★★★★★,生952 攻476 防330,自信使装备者的效果命中提高【20%/25%/30%/35%/40%】，同时造成的持续伤害提高【24%/30%/36%/42%/48%】。
黑天鹅,晚安与睡颜,★★★★,生952 攻476 防330,劳碌者敌方目标每承受1个负面效果，装备者对其造成的伤害提高【12%/15%/18%/21%/24%】，最多叠加3层。该效果对持续伤害也会生效。
黑天鹅,好戏开演,★★★★,生1058 攻476 防264,自娱自乐装备者对敌方目标施加负面状态后，获得一层【戏法】，每层【戏法】使装备者造成的伤害提高【6%/7%/8%/9%/10%】，最多叠加3层，持续1回合。当装备者的效果命中大于等于80%时，攻击力提高【20%/24%/28%/32%/36%】。
