角色名,星魂序号,星魂名称,星魂效果
Archer,1,未曾触及的理想,单个回合内施放3次战技后，为我方恢复2个战技点。
Archer,2,未能实现的幸福,施放终结技时，使敌方目标的量子属性的抗性降低20%，并为其添加量子属性弱点，持续2回合。
Archer,3,难为凡庸的意气,战技等级+2，最多不超过15级；普攻等级+1，最多不超过10级。
Archer,4,难称英雄的一生,造成的终结技伤害提高150%。
Archer,5,无铭孤影的守望,终结技等级+2，最多不超过15级；天赋等级+2，最多不超过15级。
Archer,6,无尽徘徊的巡礼,回合开始时为我方恢复1个战技点。自身战技提供的伤害提高效果可以叠加的上限层数提高1层。造成的战技伤害无视20%的防御力。
Saber,1,失落的白垩坚城,Saber造成的终结技伤害提高60%。 Saber 施放普攻或战技后，获得1点【炉心共鸣】。
Saber,2,尘封的圆桌誓言,本场战斗中每获得1点【炉心共鸣】，使Saber造成的伤害无视目标1%的防御力，该效果最多叠加15层。触发【炉心共鸣】提高战技倍率的效果时，每点【炉心共鸣】额外使本次战技的伤害倍率提高7%。
Saber,3,十五个世纪的追寻,终结技等级+2，最多不超过15级；普攻等级+1，最多不超过10级。
Saber,4,十六个冬日的奇遇,Saber的风属性抗性穿透提高8%。施放终结技后， Saber 的风属性抗性穿透提高4%，该效果最多叠加3层。
Saber,5,于抵达理想的黎明,战技等级+2，最多不超过15级；天赋等级+2，最多不超过15级。
Saber,6,守护命运长夜,Saber造成的终结技伤害的风属性抗性穿透提高20%，行迹【湖之祝福】可积攒的溢出能量提高到200点。进入战斗首次施放终结技后，为Saber固定恢复300点能量，该效果每再施放3次终结技可触发1次。
万敌,1,寒风雕琢不屈的脊梁,【弑神登神】对主目标造成的伤害倍率提高30%，且变成对敌方全体造成等同于主目标伤害倍率的虚数属性伤害。
万敌,2,纷争见证尸骸的喉鸣,【血仇】状态期间，万敌造成的伤害无视敌方目标15%的防御力，且受到治疗时会将40%的治疗数值转化为充能，累计转化的充能不超过40点。任意单位行动后重置可累计的充能。
万敌,3,荣耀辉映不渝的筵宴,战技等级+2，最多不超过15级；普攻等级+1，最多不超过10级。
万敌,4,号角惊觉缄默的狂狮,【血仇】状态期间暴击伤害提高30%，且受到来自敌方目标的攻击后回复等同于自身10%生命上限的生命值。
万敌,5,兵戈雕刻躯身的烈焰,终结技等级+2，最多不超过15级；天赋等级+2，最多不超过15级。
万敌,6,往日攀陟沉积的血山,进入战斗时立刻进入【血仇】状态且【弑神登神】所需的充能值降低至100点。
三月七,1,记忆中的你,终结技每冻结1个目标，为三月七恢复6点能量。
三月七,2,记忆中的它,进入战斗时，为当前生命值百分比最低的我方目标提供等同于三月七24%防御力+320的护盾，持续3回合。
三月七,3,记忆中的一切,终结技等级+2，最多不超过15级；普攻等级+1，最多不超过10级。
三月七,4,不愿再失去,天赋的反击效果每回合可触发的次数增加1次。使反击造成的伤害值提高，提高数值等同于三月七防御力的30%。
三月七,5,不想再忘却,战技等级+2，最多不超过15级；天赋等级+2，最多不超过15级。
三月七,6,就这样，一直…,在战技提供的护盾保护下的我方目标，每回合开始时回复等同于各自4%生命上限+106的生命值。
不死途,1,小心，满月不可外出,不死途在场时，敌方全体受到的伤害提高24%。当敌方目标当前生命值百分比小于等于50%时，其受到的伤害提高至36%。
不死途,2,敲门，屋内空余窃笑,【婪酣】叠加上限提高至18层，每当不死途发动强化天赋追加攻击后，返还所移除【婪酣】层数的35%。
不死途,3,沉默，老友各怀心事,终结技等级+2，最多不超过15级；普攻等级+1，最多不超过10级。
不死途,4,切记，不必咀嚼真相,不死途施放终结技时，攻击力提高40%，持续3回合。
不死途,5,提醒，侦探亦是凶手,战技等级+2，最多不超过15级；天赋等级+2，最多不超过15级。
不死途,6,结局，或许无人生还,当场上存在【饲饵】时，敌方全体的全属性抗性降低20%。不死途每获得过1层【婪酣】，造成的伤害提高4%，该效果最多叠加30层。
丹恒,1,穷高极天，亢盈难久,当击中的敌方目标当前生命值百分比大于等于50%时，暴击率提高12%。
丹恒,2,威制八毒，灭却炎烟,天赋的冷却时间减少1回合。
丹恒,3,幽明变化，自在蟠跃,战技等级+2，最多不超过15级；普攻等级+1，最多不超过10级。
丹恒,4,奋迅三昧，如日空居,施放终结技消灭敌方目标时，丹恒立即行动。
丹恒,5,一谛天水，六虚洪流,终结技等级+2，最多不超过15级；天赋等级+2，最多不超过15级。
丹恒,6,须绳缚身，沉潜勿用,战技触发的减速状态使目标的速度额外降低8%。
丹恒•腾荒,1,蜕却旧鳞的荒龙,丹恒•腾荒施放终结技时，恢复1个战技点，使【同袍】全属性抗性穿透提高18%，持续3回合。
丹恒•腾荒,2,守望开拓的赤子,"终结技的强化龙灵行动效果额外增加2次，丹恒•腾荒施放终结技后【龙灵】行动提前100%。
强化【龙灵】行动时，【同袍】造成的附加伤害为原伤害的200%，且本次提供的护盾量为原护盾量的200%。"
丹恒•腾荒,3,日月山河的托付,终结技等级+2，最多不超过15级；普攻等级+1，最多不超过10级。
丹恒•腾荒,4,金石立誓，此身为舟,【同袍】受到的伤害降低20%。
丹恒•腾荒,5,不朽之途万里绵延,战技等级+2，最多不超过15级；天赋等级+2，最多不超过15级。
丹恒•腾荒,6,草木微尘皆入梦中,"场上存在【同袍】时，使敌方全体受到的伤害提高20%，【同袍】造成伤害时，无视敌方目标12%的防御力。
丹恒•腾荒施放终结技时，【同袍】会对敌方全体造成等同于【同袍】330%攻击力的相应属性附加伤害。"
丹恒•饮月,1,萦天,使【亢心】的可叠加层数增加4层。且每段攻击额外获得1层【亢心】。
丹恒•饮月,2,九斿,施放终结技后丹恒•饮月行动提前100%，并且会额外获得1个【逆鳞】。
丹恒•饮月,3,云旂,战技等级+2，最多不超过15级；普攻等级+1，最多不超过10级。
丹恒•饮月,4,嘲风,【叱咤】的增益效果会持续到下一个自身回合结束。
丹恒•饮月,5,偃蹇,终结技等级+2，最多不超过15级；天赋等级+2，最多不超过15级。
丹恒•饮月,6,见谯,我方其他角色施放终结技后，丹恒•饮月下一次施放【盘拏耀跃】时虚数属性抗性穿透提高20%，该效果最多叠加3层。
乱破,1,常世道返三途无六钱,施放终结技进入【结印】状态期间，乱破造成的伤害无视目标15%的防御，退出【结印】状态后恢复20点能量。
乱破,2,俳句暗记有识无挂碍,强化普攻的前2段攻击对指定敌方单体的削韧值提高50%。
乱破,3,堂塔伽蓝末法无间狱,"战技等级+2，最多不超过15级,天赋等级+2，最多不超过15级。"
乱破,4,经年劣化任侠无忍义,【结印】状态期间，我方全体速度提高12%。
乱破,5,一心不乱鸣弦无徒矢,"终结技等级+2，最多不超过15级,普攻等级+1，最多不超过10级。"
乱破,6,破邪显正应报无慈悲,"战斗开始时乱破获得5点天赋效果的充能,且充能上限增加5点。发动【忍具·降魔花弁】第3段攻击后获得5点充能。"
云璃,1,沉锋离垢,【勘破•斩】与【勘破•灭】造成的伤害提高20%，【勘破•灭】的额外伤害次数增加3次。
云璃,2,初芒破生,发动反击造成伤害时无视敌方目标20%的防御力。
云璃,3,九尺运斤,终结技等级+2，最多不超过15级；普攻等级+1，最多不超过10级。
云璃,4,大匠击橐,发动【勘破•斩】或【勘破•灭】后使自身效果抵抗提高50%，持续1回合。
云璃,5,恒兵匪石,战技等级+2，最多不超过15级；天赋等级+2，最多不超过15级。
云璃,6,剑胆琴心,【格挡】状态期间，敌方主动施放技能时无论是否攻击云璃，都会触发【勘破•灭】同时移除【格挡】效果，发动【勘破•斩】或【勘破•灭】造成伤害时暴击率提高15%，物理属性抗性穿透提高20%。
仙舟三月七,1,初花学剑动星芒,场上存在【师父】时，三月七的速度提高10%。
仙舟三月七,2,白刃耀雪舞骇浪,每当【师父】施放普攻或战技攻击敌方目标后，三月七立即发动追加攻击，对本次攻击的主目标造成等同于三月七60%攻击力的虚数属性伤害，并根据【师父】的命途触发对应效果，随后获得1点充能。若不存在可攻击的主目标，则攻击敌方随机单体。该效果每回合最多触发1次。
仙舟三月七,3,头脑机灵本领强,战技等级+2，最多不超过15级；普攻等级+1，最多不超过10级。
仙舟三月七,4,龙飞凤舞不窝囊,回合开始时，恢复5点能量。
仙舟三月七,5,多练武术少吃糖,终结技等级+2，最多不超过15级；天赋等级+2，最多不超过15级。
仙舟三月七,6,天下第一本姑娘,施放终结技后，下一次强化普攻造成的暴击伤害提高50%。
佩拉,1,胜利反馈,敌方目标被消灭时，佩拉恢复5点能量。
佩拉,2,疾进不止,施放战技解除增益效果时，速度提高10%，持续2回合。
佩拉,3,压制升级,战技等级+2，最多不超过15级；普攻等级+1，最多不超过10级。
佩拉,4,完全剖析,施放战技时，有100%的基础概率使敌方目标冰属性抗性降低12%，持续2回合。
佩拉,5,零度妨害,终结技等级+2，最多不超过15级；天赋等级+2，最多不超过15级。
佩拉,6,疲弱追击,施放攻击后，若敌方目标处于负面效果，则对其造成等同于佩拉40%攻击力的冰属性附加伤害。
停云,1,春风得意，时运驰骋,得到【赐福】的我方单体施放终结技后速度提高20%，持续1回合。
停云,2,君子惠渥，晏笑承之,得到【赐福】的我方单体在消灭敌方目标时恢复5点能量，该效果每回合只能触发1次。
停云,3,青丘遗泽,终结技等级+2，最多不超过15级;普攻等级+1，最多不超过10级。
停云,4,鸣火机变，度时察势,【赐福】附加的伤害倍率提高20%。
停云,5,绥绥狐魅,战技等级+2，最多不超过15级；天赋等级+2，最多不超过15级。
停云,6,和气生财，泽盈四方,终结技为我方目标恢复的能量提高10点。
克拉拉,1,高大的背影,施放战技后，不会清除敌方目标的【反击标记】。
克拉拉,2,紧紧的拥抱,施放终结技后攻击力提高30%，持续2回合。
克拉拉,3,冰冷的钢甲,战技等级+2，最多不超过15级；普攻等级+1，最多不超过10级。
克拉拉,4,家人的温暖,受到攻击后，克拉拉受到的伤害降低30%，效果持续到自己的下个回合开始。
克拉拉,5,小小的承诺,终结技等级+2，最多不超过15级；天赋等级+2，最多不超过15级。
克拉拉,6,长久的陪伴,我方其他目标遭到攻击后，史瓦罗也有50%的固定概率触发对攻击者的反击，并对攻击目标添加【反击标记】。施放终结技时，额外增加1次强化反击的次数。
刃,1,剑录大限，地狱变相,"【加强前】终结技对指定敌方单体造成的伤害额外提高，提高数值等同于刃150%本场战斗中累计的已损失生命值。
本场战斗中累计已损失生命值最高不超过刃生命上限的90%，施放终结技后会清空并进行重新累计。【加强后】强化普攻与终结技对指定敌方单体造成的伤害额外提高，提高数值等同于终结技累计已损失生命值的150%"
刃,2,支离旧梦，万端遗恨,刃处于【地狱变】状态时，暴击率提高15%。
刃,3,冶炼玄钢，铣淬寒芒,终结技等级+2，最多不超过15级；天赋等级+2，最多不超过15级。
刃,4,泉台歧路，百骸回春,当前生命值百分比从大于50%降低至小于等于50%时，生命上限提高20%，该效果最多叠加2层。
刃,5,十王判死，业镜悬照,战技等级+2，最多不超过15级；普攻等级+1，最多不超过10级。
刃,6,命留魂销，复返此身,充能的层数上限降低至4层。天赋触发追加攻击造成的伤害额外提高，提高数值等同于刃50%的生命上限。
刻律德菈,1,夺走一切王冠,持有【军功】的角色造成伤害时无视目标16%的防御力。若当前【军功】已升级为【爵位】，则该角色造成战技伤害时额外无视目标20%的防御力。刻律德菈施放战技时，为指定我方目标恢复2点能量。
刻律德菈,2,凝聚万众宏愿,持有【军功】的角色造成的伤害提高40%。场上存在持有【军功】的队友时，刻律德菈造成的伤害提高160%。
刻律德菈,3,燃尽旧日律法,战技等级+2，最多不超过15级；普攻等级+1，最多不超过10级。
刻律德菈,4,重塑天地人间,终结技的伤害倍率提高240%。
刻律德菈,5,帮助与加害，全数奉还,终结技等级+2，最多不超过15级；天赋等级+2，最多不超过15级。
刻律德菈,6,征途只在，星辰大海,持有【军功】的角色全属性抗性穿透提高20%，且【军功】触发的附加伤害倍率提高300%。场上存在持有【军功】的队友时，刻律德菈全属性抗性穿透提高20%。
加拉赫,1,盐与犬,加拉赫进入战斗后会恢复20点能量，效果抵抗提高50%。
加拉赫,2,狮子之尾,施放战技时，解除指定我方单体的1个负面效果，同时使其效果抵抗提高30%，持续2回合。
加拉赫,3,逝者的新生,战技等级+2，最多不超过15级；普攻等级+1，最多不超过10级。
加拉赫,4,临终的轻语,加拉赫终结技造成的【酩酊】状态持续时间延长1回合。
加拉赫,5,午后之死,终结技等级+2，最多不超过15级；天赋等级+2，最多不超过15级。
加拉赫,6,血与沙,加拉赫的击破特攻提高20%，弱点击破效率提高20%。
千冶•刃,1,我殁之前，我仍未成形,结界持续期间，使敌方全体全属性抗性降低20%，施放天赋的额外战技后使【无量忿怒】倒计时行动延后15%。
千冶•刃,2,心若死灰，而炉火未熄,我方角色施放终结技造成伤害时，被视为发动了追加攻击，我方目标造成的追加攻击伤害提高75%。千冶•刃充能点的上限降低至7。
千冶•刃,3,身渡彼岸，现忿怒本相,终结技等级+2，最多不超过15级；天赋等级+2，最多不超过15级。
千冶•刃,4,锻打遗恨，后剑骨自成,【万淬心】使我方目标造成的伤害额外提高50%。
千冶•刃,5,自断苦己，知死所由生,战技等级+2，最多不超过15级；普攻等级+1，最多不超过10级。
千冶•刃,6,神若当殒，自誓弑寿瘟,结界持续期间，千冶•刃受到伤害或消耗生命值时，获得1点充能，该效果在任意目标回合结束后可再次触发。【千冶铸一，万劫烬灭】的伤害倍率提高为原倍率的150%。
卡芙卡,1,无穷动！无穷,【加强前】天赋触发追加攻击时，有100%的基础概率使目标受到的持续伤害提高30%，持续2回合。【加强后】施放攻击时，有100%的基础概率使目标受到的持续伤害提高30%，持续2回合。
卡芙卡,2,狂想者，呜咽,【加强前】卡芙卡在场时，我方全体造成的持续伤害提高25%。【加强后】卡芙卡在场时，我方全体造成的持续伤害提高33%。
卡芙卡,3,我赞美，即兴,战技等级+2，最多不超过15级；普攻等级+1，最多不超过10级。
卡芙卡,4,把宣叙呈献给,当敌方目标承受的由卡芙卡造成的触电状态产生伤害时，额外为卡芙卡恢复2点能量。
卡芙卡,5,只有今晚奏鸣,终结技等级+2，最多不超过15级；天赋等级+2，最多不超过15级。
卡芙卡,6,回旋，悄悄地,终结技、秘技与天赋触发的追加攻击使敌方目标陷入的触电状态的伤害倍率提高156%，并使触电状态的持续时间增加1回合。
卢卡,1,争斗不休,当卢卡行动时，若指定的敌方目标处于裂伤状态，卢卡造成的伤害提高15%，持续2回合。
卢卡,2,敌弱，我强,若战技击中的敌方目标弱点为物理属性，获得1层【斗志】。
卢卡,3,为擂台而生,战技等级+2，最多不超过15级；天赋等级+2，最多不超过15级。
卢卡,4,百折不回,每获得1层【斗志】，攻击力提高5%，该效果最多叠加4层。
卢卡,5,地火之魂,终结技等级+2，最多不超过15级；普攻等级+1，最多不超过10级。
卢卡,6,冠军应得的喝彩,施放强化普攻的【碎天拳】击中陷入裂伤状态下的敌方目标后，本次强化普攻使用的【直冲拳】每施放过1段攻击，则额外使其当前承受的裂伤状态立即产生1次相当于原伤害8%的伤害。
吉尔伽美什,1,见证一切之人,当吉尔伽美什持有【王来承认】时，【王来承认】无视防御力的效果对其他队友也生效，且【王来承认】额外使吉尔伽美什攻击力提高60%。施放战技时额外固定恢复40能量。
吉尔伽美什,2,通晓万物之智,吉尔伽美什进入战斗时获得5点【兴致】，施放终结技时额外获得5点【兴致】。战技【王之财宝】对主目标造成的伤害倍率提高100%，对相邻目标造成的伤害倍率提高50%。
吉尔伽美什,3,跋涉千里之旅,战技等级+2，最多不超过15级；普攻等级+1，最多不超过10级。
吉尔伽美什,4,唯我独尊之王,吉尔伽美什的能量恢复效率提高20%。
吉尔伽美什,5,人神诀别之剑,终结技等级+2，最多不超过15级；天赋等级+2，最多不超过15级。
吉尔伽美什,6,挚友淬锻之魂,终结技【天地乖离•开辟之星】的弹射伤害倍率提高80%。吉尔伽美什在场时，使我方角色的全属性抗性穿透提高20%。队友施放终结技时，吉尔伽美什获得1点【黄金律】，最多累计3点。自身施放终结技时消耗全部【黄金律】，每消耗1点【黄金律】使造成的终结技伤害的暴击伤害提高100%。
大丽花,1,当一朵花含苞待放,天赋为【共舞者】提供的超击破伤害倍率对我方全体角色生效，其中【共舞者】的倍率额外提高40%。【共舞者】施放攻击后，对受到攻击的敌方目标额外造成等同于其韧性上限25%的固定削韧（至少10点，至多300点）。该效果每个敌方目标只能触发1次，敌方目标受到致命攻击后重置该目标的可触发次数。
大丽花,2,新生，鲜灵，爱怜,大丽花在场时，敌方全体全属性抗性降低20%。敌方目标入场时，立即陷入【败谢】状态，持续3回合。
大丽花,3,可惜花瓣薄如蝉翼,终结技等级+2，最多不超过15级；普攻等级+1，最多不超过10级。
大丽花,4,可惜花蕊为虫剥蚀,天赋的追加攻击的伤害次数增加5次，施放时使敌方全体目标受到的伤害提高12%，持续2回合。
大丽花,5,凋落，腐烂，憎恨,战技等级+2，最多不超过15级；天赋等级+2，最多不超过15级。
大丽花,6,然而它总是，致命美丽,【共舞者】的击破特攻提高150%。施放天赋的追加攻击时，使所有【共舞者】下一次行动提前20%。
大黑塔,1,群星岸落之夜,强化战技计算【解读】层数时，额外计算主目标及相邻目标中层数最高的1个目标当前【解读】层数的50%。施放强化战技重置【解读】时，改为将层数重置为15层。
大黑塔,2,穿过锁孔之风,大黑塔进入战斗和施放终结技后，额外获得1层【灵感】。施放强化战技后，大黑塔的下一次行动提前35%。
大黑塔,3,进入盛夏之门,战技等级+2，最多不超过15级，天赋等级+2，最多不超过15级。
大黑塔,4,第十六把钥匙,队伍中的「智识」命途角色的速度提高12%。
大黑塔,5,苦药似的真理,终结技等级+2，最多不超过15级，普攻等级+1，最多不超过10级。
大黑塔,6,甜饵般的答案,大黑塔的冰属性抗性穿透提高20%，当场上敌方目标数量等于3或以上/2/1名时，终结技的伤害倍率提高140%/250%/400%。
姬子,1,童年,【乘胜追击】触发后，姬子的速度提高20%，持续2回合。
姬子,2,邂逅,对当前生命值百分比小于等于50%的敌方目标造成的伤害提高15%。
姬子,3,自我,战技等级+2，最多不超过15级；普攻等级+1，最多不超过10级。
姬子,4,投入,施放战技对敌方目标造成弱点击破时，姬子额外获得1点充能。
姬子,5,梦想,终结技等级+2，最多不超过15级；天赋等级+2，最多不超过15级。
姬子,6,开拓！,终结技额外造成2次伤害，对随机敌方单体各造成等同于原伤害40%的火属性伤害。
姬子•启行,1,我们称之为路的，是开拓,天赋额外发动助战技效果的次数额外增加1次。【同行协议：裁决】状态下，发动助战技所需的终结技施放次数减少1次。【同行协议：歼破】状态下，发动助战技所需的充能减少3点。姬子•启行发动助战技时，造成额外伤害的效果次数增加1次。
姬子•启行,2,旗帜，永不降下的帆,姬子•启行助战技的使用上限提高至2次，终结技和助战技造成的伤害为原伤害的130%。【领航旗语】状态下每个回合开始时，立即额外恢复1次助战技使用次数。行迹【列车的脉搏在轰鸣】效果非开拓同行角色使用助战技时，也会获得1个额外回合。
姬子•启行,3,星辰之子，也在思索繁星,终结技等级+2，最多不超过15级；普攻等级+1，最多不超过10级。
姬子•启行,4,握住所有伸向天空的手,天赋【共赴灼热的远征】使用助战技时，全属性抗性穿透提高效果对我方全体生效，姬子•启行获得该效果时全属性抗性穿透额外提高10%。
姬子•启行,5,去跨越宇宙的全境,战技等级+2，最多不超过15级；天赋等级+2，最多不超过15级。
姬子•启行,6,铭记，终抵群星的誓约,姬子•启行火属性抗性穿透提高20%。【源能】的上限提高至6点，我方使用或发动助战技时，助战技造成的伤害提高75%，姬子•启行会获得1点【源能】。终结技期间发动【超频粒子光束】攻击时，额外获得1点【源能】。发动【轨道歼灭脉冲】时，若当前【源能】大于等于6点，则额外对敌方全体造成1次等同于姬子•启行160%攻击力的火属性伤害。
娜塔莎,1,遍识药理,受到攻击后，若当前生命值百分比小于等于30%，对自身施放1次治疗，回复等同于自身15%生命上限+400的生命值。该效果单场战斗中只能触发1次。
娜塔莎,2,临床研学,施放终结技时，对当前生命值百分比小于等于30%的我方目标附加1回合的持续治疗效果，目标回合开始时为其回复等同于娜塔莎6%生命上限+160的生命值。
娜塔莎,3,对症下药,战技等级+2，最多不超过15级；普攻等级+1，最多不超过10级。
娜塔莎,4,妙手回春,受到攻击后，额外恢复5点能量。
娜塔莎,5,医治未病,终结技等级+2，最多不超过15级；天赋等级+2，最多不超过15级。
娜塔莎,6,医者仁心,施放普攻时，额外造成等同于娜塔莎生命上限40%的物理属性伤害。
寒鸦,1,一心,持有终结技效果的我方目标消灭敌方目标时，寒鸦行动提前15%，该效果每回合只能触发1次。
寒鸦,2,二观,施放战技后，速度提高20%，持续1回合。
寒鸦,3,三尘,战技等级+2，最多不超过15级；普攻等级+1，最多不超过10级。
寒鸦,4,四谛,终结技的持续时间额外增加1回合。
寒鸦,5,五阴,终结技等级+2，最多不超过15级；天赋等级+2，最多不超过15级。
寒鸦,6,六正,天赋的伤害提高效果额外提高10%。
布洛妮娅,1,养精蓄锐,施放战技时，有50%固定概率恢复1战技点，该效果有1回合的触发冷却。
布洛妮娅,2,快速行军,施放战技指向的我方目标在行动后速度提高30%，持续1回合。
布洛妮娅,3,鼓炮齐鸣,终结技等级+2，最多不超过15级；天赋等级+2，最多不超过15级。
布洛妮娅,4,攻其不备,我方其他角色对弱点为风属性的敌方目标施放普攻后，布洛妮娅立即进行1次追加攻击，对该目标造成等同于普攻伤害80%的风属性伤害，该效果每回合可触发1次。
布洛妮娅,5,所向克捷,战技等级+2，最多不超过15级；普攻等级+1，最多不超过10级。
布洛妮娅,6,气贯长虹,战技对指定我方目标伤害提升效果的持续时间增加1回合。
希儿,1,斩尽,"【加强前】对当前生命值百分比小于等于80%的敌方目标造成伤害时，暴击率提高15%。
【加强后】对当前生命值百分比小于等于80%的敌方目标造成伤害时，暴击率提高15%且无视目标20%的防御力。"
希儿,2,蝶舞,战技的加速效果可以叠加，最多叠加2层。
希儿,3,缭乱,战技等级+2，最多不超过15级；天赋等级+2，最多不超过15级。
希儿,4,掠影,希儿消灭敌方目标时，自身恢复15点能量。
希儿,5,锋锐,终结技等级+2，最多不超过15级；普攻等级+1，最多不超过10级。
希儿,6,离析,"【加强前】施放终结技后使受到攻击的敌方单体陷入【乱蝶】状态，持续1回合。【乱蝶】状态下的敌方目标受到攻击后，额外受到1次等同于希儿终结技伤害15%的量子属性附加伤害。若该目标被我方其他目标触发【乱蝶】状态的附加伤害消灭，将不会触发希儿的天赋。
当希儿陷入无法战斗状态时，敌方目标的【乱蝶】状态被解除。
【加强后】施放终结技后使受到攻击的敌方单体陷入【乱蝶】状态，持续3回合。【乱蝶】状态下的敌方目标受到攻击后，额外受到1次等同于希儿本次终结技伤害30%的真实伤害。处于【乱蝶】状态下的敌人被任意单位消灭时，也会触发希儿的天赋。
当希儿陷入无法战斗状态时，敌方目标的【乱蝶】状态被解除。"
希露瓦,1,余音绕梁,普攻对指定敌方目标的1个随机相邻目标造成等同于普攻伤害60%的雷属性伤害。
希露瓦,2,安可！,每触发1次天赋的附加伤害，希露瓦恢复4点能量。
希露瓦,3,听，齿轮的心跳,战技等级+2，最多不超过15级；普攻等级+1，最多不超过10级。
希露瓦,4,制造噪音吧！,施放终结技时，有100%基础概率使非触电状态下的敌方目标状态陷入与战技相同的触电状态。
希露瓦,5,贝洛伯格最强音！,终结技等级+2，最多不超过15级；天赋等级+2，最多不超过15级。
希露瓦,6,这一曲，贯穿天穹！,希露瓦对触电状态下的敌方目标造成的伤害提高30%。
开拓者•同谐,1,您的最佳观众席,施放首次战技后立即回复1点战技点。
开拓者•同谐,2,越狱的跨洋彩虹,战斗开始时，开拓者的能量恢复效率提高25%，持续3回合。
开拓者•同谐,3,休止符的疗养院,战技等级+2，最多不超过15级；天赋等级+2，最多不超过15级。
开拓者•同谐,4,袒护白鸽的冠冕,开拓者在场时，使除自身以外的队友击破特攻提高，提高数值等同于开拓者15%的击破特攻。
开拓者•同谐,5,包庇旧节拍的诗,终结技等级+2，最多不超过15级；普攻等级+1，最多不超过10级。
开拓者•同谐,6,明天，栖息聚光之下,战技的额外伤害次数增加2次。
开拓者•存护,1,大地芯髓的鸣动,施放普攻时，额外造成等同于开拓者25%防御力的火属性伤害；施放强化普攻时，额外造成等同于开拓者50%防御力的火属性伤害。
开拓者•存护,2,古老寒铁的坚守,触发天赋时，为我方全体提供的护盾能够额外抵消等同于开拓者防御力2%+27的伤害。
开拓者•存护,3,砌造未来的蓝图,战技等级+2，最多不超过15级；天赋等级+2，最多不超过15级。
开拓者•存护,4,驻留文明的誓言,战斗开始时，立即获得4层【灼热意志】。
开拓者•存护,5,点燃光焰的勇气,终结技等级+2，最多不超过15级；普攻等级+1，最多不超过10级。
开拓者•存护,6,永屹城垣的壁垒,施放强化普攻或终结技后，开拓者的防御力提高10%，最多叠加3层。
开拓者•欢愉,1,相信光的时间,施放战技后，下一次终结技使我方目标获得的【好活当赏】提高2点，该效果最多叠加3层。
开拓者•欢愉,2,名场面酝酿中……,终结技额外使指定我方单体的欢愉度提高12%，持续2回合。
开拓者•欢愉,3,来吧，镜头的焦点,战技等级+2，最多不超过15级；天赋等级+2，最多不超过15级；欢愉技等级+1，最多不超过15级。
开拓者•欢愉,4,拯救世界，无需理由,施放欢愉技时，使敌方目标受到的伤害提高10%，持续2回合。
开拓者•欢愉,5,爱与勇气，永不过时,终结技等级+2，最多不超过15级；普攻等级+1，最多不超过10级；欢愉技等级+1，最多不超过15级。
开拓者•欢愉,6,银河传奇，登场！,施放欢愉技时，使自身暴击伤害提高100%，持续3回合。
开拓者·毁灭,1,坠临万界的星芒,施放终结技消灭敌方目标时，开拓者额外恢复10点能量，该效果每次攻击只能触发1次。
开拓者·毁灭,2,因缘假合的人身,施放攻击后，若击中的敌方目标弱点为物理属性，则回复等同于开拓者5%攻击力的生命值。
开拓者·毁灭,3,揭示前路的言灵,战技等级+2，最多不超过15级；天赋等级+2，最多不超过15级。
开拓者·毁灭,4,凝眸毁灭的瞬间,击中处于弱点击破状态的敌方目标时，暴击率提高25%。
开拓者·毁灭,5,劫余重生的希望,终结技等级+2，最多不超过15级；普攻等级+1，最多不超过10级。
开拓者·毁灭,6,拓宇行天的意志,开拓者消灭敌方目标时，也会触发天赋。
开拓者•记忆,1,现在的记叙者,持有【迷迷的声援】的我方目标暴击率提高10%。当我方目标持有【迷迷的声援】时，【迷迷的声援】的效果对该目标的忆灵/忆师也生效，该效果不可叠加。
开拓者•记忆,2,过往的拾遗者,除迷迷以外的我方忆灵行动时，开拓者恢复8点能量。该效果每回合最多触发1次，开拓者回合开始时重置可触发次数。
开拓者•记忆,3,未来的咏唱者,战技等级+2，最多不超过15级；天赋等级+2，最多不超过15级。忆灵天赋等级+1，最多不超过10级。
开拓者•记忆,4,缪斯的新舞伴,使能量上限为0的我方目标主动施放技能时，迷迷也能够获得3%充能，并且该目标通过【迷迷的声援】造成的真实伤害倍率额外提高6%。
开拓者•记忆,5,诗篇的裁缝匠,终结技等级+2，最多不超过15级；普攻等级+1，最多不超过10级。忆灵技等级+1，最多不超过10级。
开拓者•记忆,6,神启的转呈者,终结技的暴击率固定为100%。
彦卿,1,素刃,当彦卿攻击敌方目标时，如果目标处于冻结状态，则立即对目标造成等同于彦卿60%攻击力的冰属性附加伤害。
彦卿,2,空明,处于【智剑连心】效果时，额外提高10%的能量恢复效率。
彦卿,3,剑胎,战技等级+2，最多不超过15级；普攻等级+1，最多不超过10级。
彦卿,4,霜厉,当前生命值百分比大于等于80%时，提高自身12%的冰属性抗性穿透。
彦卿,5,武骨,终结技等级+2，最多不超过15级；天赋等级+2，最多不超过15级。
彦卿,6,自在,消灭敌方目标时，如果当前持有【智剑连心】或终结技的增益效果，则使这些增益效果的持续时间全部延长1回合。
忘归人,1,狐尘已去，云驾有期,持有【狐祈】的我方目标，弱点击破效率提高50%。
忘归人,2,瑞应之来，必昭有德,"当有敌方目标的弱点被击破时，为忘归人恢复3点能量。施放终结技后,我方全体行动提前24%。"
忘归人,3,正色鸿焘，神思化伐,战技等级+2，最多不超过15级;普攻等级+1，最多不超过10级。
忘归人,4,自我离形，而今几姓,持有【狐祈】的我方目标，造成的击破伤害提高20%。
忘归人,5,五色云生，穹施后承,终结技等级+2，最多不超过15级;天赋等级+2，最多不超过15级。
忘归人,6,肇素未来，晦明兴灭,忘归人的弱点击破效率提高50%。当忘归人处于【炽灼】状态时，【狐祈】效果对我方全体生效。
托帕&账账,1,未来市场,"陷入【负债证明】状态下的敌方目标受到追加攻击时，将会陷入【被执行】状态，单次攻击内最多生效1次。
【被执行】使敌方目标受到的追加攻击的暴击伤害提高25%，最多叠加2层。【负债证明】被移除时，【被执行】也会被移除。"
托帕&账账,2,善意收购,账账自身行动并发动攻击后，托帕恢复5点能量。
托帕&账账,3,抓大放小,战技等级+2，最多不超过15级；普攻等级+1，最多不超过10级。
托帕&账账,4,敏捷处理,账账自身回合开始时，托帕的行动提前20%。
托帕&账账,5,需求膨胀,终结技等级+2，最多不超过15级；天赋等级+2，最多不超过15级。
托帕&账账,6,激励机制,账账处于【涨幅惊人！】状态的攻击次数增加1次，且攻击时火属性抗性穿透提高10%。
昔涟,1,空白，在诗篇的起点,德谬歌触发忆灵技【献予「真我」之诗】施放【花与箭的舞曲】时获得6点【追忆】并使本次攻击的弹射次数额外增加12次。
昔涟,2,十三种光彩，倒映明天,进入战斗时，额外获得12点【追忆】。每有1名不同的我方角色获得德谬歌忆灵技的增益效果，我方目标通过战技的结界造成的真实伤害倍率提高6%，最多提高24%。
昔涟,3,因你而在，如我所书,终结技等级+2，最多不超过15级；天赋等级+2，最多不超过15级；忆灵技等级+1，最多不超过10级。
昔涟,4,请笑着，写就下一页,德谬歌每施放1次【花与箭的舞曲】后，本场战斗中触发忆灵技【献予「真我」之诗】的弹射伤害倍率提高6%，最多可叠加24层。
昔涟,5,目光，流溢昨日的花圃,战技等级+2，最多不超过15级；普攻等级+1，最多不超过10级；忆灵天赋等级+1，最多不超过10级。
昔涟,6,记忆，化作涟漪片片♪,"昔涟首次施放终结技时，使我方全体行动提前100%。德谬歌每次触发忆灵技【献予「真我」之诗】施放【花与箭的舞曲】时，根据本场战斗中已触发的次数获得以下效果：
1次：德谬歌在场时，敌方全体目标的防御力降低20%；
至少2次：使我方全体行动提前24%。"
星期日,1,千纪沉寂之末,星期日施放战技时，使目标角色造成伤害时无视目标16%的防御力，召唤物造成伤害时无视目标40%的防御力，持续2回合。
星期日,2,笃信补完微缺,首次施放终结技后恢复2个战技点。【蒙福者】造成的伤害提高30%。
星期日,3,荆棘的静修所,终结技等级+2，最多不超过15级，普攻等级+1，最多不超过10级。
星期日,4,雕塑的卷首语,回合开始时，恢复8点能量。
星期日,5,纸筏漂流银湾,"战技等级+2，最多不超过15级,天赋等级+2，最多不超过15级。"
星期日,6,群星喧哗之始,天赋的暴击率提高效果可以叠加，最多叠加3层，并使天赋的持续时间增加1回合。星期日施放终结技时，也可以为目标添加天赋的暴击率提高效果。天赋的暴击率提高效果生效时，当目标的暴击率超过100%，每溢出1%暴击率提高2%暴击伤害。
景元,1,星流霆击碎昆冈,【神君】施放攻击时，对指定敌方单体的相邻目标造成的伤害倍率额外提高，提高数值等同于对主目标伤害倍率的25%。
景元,2,戎戈动地开天阵,【神君】行动后，景元的普攻、战技、终结技造成的伤害提高20%，持续2回合。
景元,3,移锋惊电冲霄汉,终结技等级+2，最多不超过15级；普攻等级+1，最多不超过10级。
景元,4,刃卷横云落玉沙,【神君】每段攻击后，景元恢复2点能量。
景元,5,百战弃躯轻死生,战技等级+2，最多不超过15级；天赋等级+2，最多不超过15级。
景元,6,威灵有应破敌雠,"【神君】每段攻击后会使指定敌方目标额外陷入易伤状态。
易伤状态下的敌方目标受到的伤害提高12%，持续至【神君】本次攻击结束，该效果最多叠加3层。"
杰帕德,1,恪尽职守,施放战技时，使受到攻击的敌方目标陷入冻结状态的基础概率提高35%。
杰帕德,2,余寒,战技使敌方目标陷入的冻结状态解除后，目标的速度降低20%，持续1回合。
杰帕德,3,永不陷落,终结技等级+2，最多不超过15级；天赋等级+2，最多不超过15级。
杰帕德,4,精诚所至,杰帕德在场时，我方全体的效果抵抗提高20%。
杰帕德,5,拳似寒铁,战技等级+2，最多不超过15级；普攻等级+1，最多不超过10级。
杰帕德,6,不屈的决意,触发天赋时杰帕德立即行动，且当前生命值的回复量额外增加自身生命上限的50%。
桂乃芬,1,倒立吃面条,施放战技时，有100%的基础概率使受到攻击的敌方目标效果抵抗降低10%，持续2回合。
桂乃芬,2,刷牙吹口哨,当敌方目标处于灼烧状态时，桂乃芬的普攻与战技对其施加的灼烧状态的伤害倍率提升40%。
桂乃芬,3,胸口碎大石,战技等级+2，最多不超过15级；普攻等级+1，最多不超过10级。
桂乃芬,4,金枪锁咽喉,桂乃芬施加的灼烧状态每触发一次伤害，使自身恢复2点能量。
桂乃芬,5,吞剑通脊背,终结技等级+2，最多不超过15级；天赋等级+2，最多不超过15级。
桂乃芬,6,徒手接子弹,使【吞火】的可叠加层数增加1层。
桑博,1,加码的爱,施放战技时，对敌方随机单体额外造成1次伤害。
桑博,2,热情会传染,风化状态下的敌方目标被消灭时，使敌方全体有100%的基础概率叠加1层等同于天赋的风化状态。
桑博,3,大数字！,战技等级+2，最多不超过15级；普攻等级+1，最多不超过10级。
桑博,4,爱之深，恨之切,战技击中风化状态大于等于5层的敌方目标时，使其当前承受的风化状态立即产生相当于原伤害8%的伤害。
桑博,5,超大数字！,终结技等级+2，最多不超过15级；天赋等级+2，最多不超过15级。
桑博,6,消费升级,天赋施加的风化状态的伤害倍率提高15%。
椒丘,1,五味五走，生熟有定,我方目标对处于【烬煨】状态的敌方目标造成的伤害提高40%。每当触发天赋效果使敌方目标陷入【烬煨】状态时，使本次叠加的【烬煨】层数额外提高1层。
椒丘,2,爽口作疾，厚味措毒,敌方目标处于【烬煨】状态时，【烬煨】对其造成的火属性持续伤害倍率提高300%。
椒丘,3,和合之妙，敌不及拒,战技等级+2，最多不超过15级；普攻等级+1，最多不超过10级。
椒丘,4,藏腑和平，血气资荣,结界存在时，敌方目标的攻击力降低15%。
椒丘,5,明争天地，暗斗变击,终结技等级+2，最多不超过15级；天赋等级+2，最多不超过15级。
椒丘,6,九沸九变，火为之纪,敌方目标被消灭时，其持有的【烬煨】会叠加给场上存活的【烬煨】层数最低的敌人。【烬煨】的层数上限提升至9，每层【烬煨】会使目标的全属性抗性降低3%。
波提欧,1,扬尘孤星,战斗开始时，获得1层【优势口袋】。波提欧造成伤害时无视敌方目标16%的防御力。
波提欧,2,里程碑贩子,处于【绝命对峙】并获得【优势口袋】时，恢复1个战技点，并且击破特攻提高30%，持续2回合。该效果单个回合内不可重复触发，在获得溢出的【优势口袋】时也会触发。
波提欧,3,大理石果园守卫,终结技等级+2，最多不超过15级；普攻等级+1，最多不超过10级。
波提欧,4,冷肉名厨,处于【绝命对峙】的敌方目标受到波提欧攻击时，受到的伤害额外提高12%。波提欧受到处于【绝命对峙】的敌方目标的攻击时，受到的伤害提高效果降低12%。
波提欧,5,树桩演说家,战技等级+2，最多不超过15级；天赋等级+2，最多不超过15级。
波提欧,6,撬棍旅馆的浣熊,触发天赋造成击破伤害时，对目标额外造成等同于原伤害倍率40%的击破伤害，对相邻目标额外造成等同于原伤害倍率70%的击破伤害。
流萤,1,我曾安眠，赤染之茧,施放强化战技时无视目标15%的防御，且强化战技不消耗战技点。
流萤,2,自破碎的天空坠落,【加强前】：「完全燃烧」状态下施放强化普攻、强化战技消灭敌方目标或使目标陷入弱点击破状态时，装甲「萨姆」立即获得1个额外回合。该效果在1回合后可再次触发。【加强后】：「完全燃烧」状态下施放强化普攻、强化战技消灭敌方目标或使目标陷入弱点击破状态时，装甲「萨姆」立即获得1个额外回合。该效果每回合可触发1次，装甲「萨姆」回合开始时重置可触发次数。
流萤,3,沉睡在静默的星河,战技等级+2，最多不超过15级；普攻等级+1，最多不超过10级。
流萤,4,我会看见，飞萤之火,「完全燃烧」状态下，装甲「萨姆」的效果抵抗提高50%。
流萤,5,自无梦的长夜亮起,终结技等级+2，最多不超过15级；天赋等级+2，最多不超过15级。
流萤,6,绽放在终竟的明天,「完全燃烧」状态下装甲「萨姆」的火属性抗性穿透提高20%。施放强化普攻、强化战技时弱点击破效率提高50%。
海瑟音,1,你问我心为何悲伤,海瑟音在场时，我方目标造成的持续伤害为原伤害的116%，当海瑟音通过天赋使敌人陷入风化/裂伤/灼烧/触电状态时，有100%的基础概率额外使其陷入一次与原天赋效果相同，且可同时存在的风化/裂伤/灼烧/触电状态。
海瑟音,2,你说浪花为何喧响,结界持续期间，行迹【珍珠的琴弦】的造成伤害提高效果对我方全体生效。
海瑟音,3,可知灯火为何遗忘,终结技等级+2，最多不超过15级；普攻等级+1，最多不超过10级。
海瑟音,4,看呀，时间为何流淌,结界持续期间，使敌方全体全属性抗性降低20%。
海瑟音,5,于梳洗中，我轻吟浅唱,战技等级+2，最多不超过15级；天赋等级+2，最多不超过15级。
海瑟音,6,沉没的你，何日返乡,结界持续期间，每回合开始时或我方目标单次攻击后，触发海瑟音物理持续伤害效果的次数上限提高至12次，且造成的伤害倍率提高20%。
火花,1,全网热搜：她是谁？,阿哈时刻结束时获得5个笑点。当前每拥有1个笑点，使我方全体全属性抗性穿透提高1.5%，最多提高15%。
火花,2,观众的眼睛是雪亮的,阿哈时刻结束时使火花获得1个额外回合和2个【爆点】。每消耗1个【爆点】使自身暴击伤害提高10%，持续2回合，最多叠加4层。
火花,3,请点击：心跳超链接,战技等级+2，最多不超过15级；普攻等级+1，最多不超过10级；欢愉技等级+1，最多不超过15级。
火花,4,硬控！顶级表情管理,施放终结技时额外获得5个笑点，使自身欢愉度提高36%，持续3回合。
火花,5,世界破烂，小花缝补,终结技等级+2，最多不超过15级；天赋等级+2，最多不超过15级；欢愉技等级+1，最多不超过15级。
火花,6,锵锵，即将绝版的我,全属性抗性穿透提高20%。欢愉技每计入1个笑点使其造成的额外伤害次数增加1次，最多增加至40次。
灵砂,1,馨气当盛，除邪避讳,灵砂的弱点击破效率提高50%。当有敌方单位的弱点被击破时，使其防御力降低20%。
灵砂,2,欹枕垂云，烟奁红雪,施放终结技时，使我方全体击破特攻提高40%，持续3回合。
灵砂,3,含芽细炷，浪蕊浓焚,终结技等级+2，最多不超过15级；天赋等级+2，最多不超过15级。
灵砂,4,横垂宝幄，半拂琼筵,【浮元】行动时，为当前生命值最低的我方目标回复等同于灵砂40%攻击力的生命值。
灵砂,5,纵横圆转，内常不倾,战技等级+2，最多不超过15级；普攻等级+1，最多不超过10级。
灵砂,6,晓兰深藏，宿香暗贮,【浮元】在场时，使敌方全体全属性抗性降低20%，【浮元】攻击时，额外造成4次伤害，每次伤害对随机敌方单体造成等同于灵砂50%攻击力的火属性伤害和5点削韧值，优先选择韧性值大于0且有火属性弱点的目标。
爻光,1,何处落玉，盈盈笑语,终结技触发的阿哈的额外回合固定计入笑点数提高至40个。我方全体目标造成欢愉伤害时无视目标20%防御力。
爻光,2,飞箭无目，青翎为瞳,结界持续期间，我方全体目标速度提高12%，欢愉度额外提高16%。
爻光,3,十方世界，光映符中,战技等级+2，最多不超过15级；普攻等级+1，最多不超过10级；欢愉技等级+1，最多不超过15级。
爻光,4,命若素绡，拈羽点彩,爻光终结技触发的阿哈的额外回合中，我方全体角色欢愉技造成的伤害为原伤害的150%。
爻光,5,璎珞严饰，身如琉璃,终结技等级+2，最多不超过15级；天赋等级+2，最多不超过15级；欢愉技等级+1，最多不超过15级。
爻光,6,牵丝渡引，天星垂虹,我方全体目标的欢愉伤害增笑25%。爻光欢愉技的伤害倍率提高原倍率的100%。
玲可,1,远行雪杖的清晨,为当前生命值百分比小于等于50%的我方目标提供治疗时，玲可的治疗量提高20%，该效果对持续治疗效果也会生效。
玲可,2,便携炉具的正午,持有【求生反应】的目标被施加负面效果时可抵抗1次负面效果。
玲可,3,雪崩信标的午后,战技等级+2，最多不超过15级；普攻等级+1，最多不超过10级。
玲可,4,露营篝火的薄暮,获得【求生反应】时，使该目标攻击力提高，提高数值等同于玲可3.0%生命上限的攻击力，持续1回合。
玲可,5,极光红茶的新夜,终结技等级+2，最多不超过15级；天赋等级+2，最多不超过15级。
玲可,6,测绘图纸的黎明,【求生反应】的生命上限提高效果额外提高，提高数值等同于玲可6.0%的生命上限，并使其效果抵抗提高30%。
瓦尔特,1,名的传承,"【加强前】施放终结技后，瓦尔特获得强化，在随后2次施放普攻或战技时额外对敌方目标成1次附加伤害。施放普攻造成的附加伤害等同于普攻伤害的50%，施放战技造成的附加伤害等同于战技伤害倍率的80%。
【加强后】施放战技或终结技击中【失重】状态下的目标后，额外造成1次等同于终结技伤害倍率40%的虚数属性附加伤害。该效果每个目标每次受到攻击最多触发1次。"
瓦尔特,2,星的凝聚,触发天赋时，瓦尔特恢复3点能量。
瓦尔特,3,和平的祈愿,战技等级+2，最多不超过15级；普攻等级+1，最多不超过10级。
瓦尔特,4,义的名号,"【加强前】施放战技时，使受到攻击的敌方目标速度降低的基础概率提高35%。
【加强后】【失重】状态下的敌方目标全属性抗性降低30%。"
瓦尔特,5,善的力量,终结技等级+2，最多不超过15级；天赋等级+2，最多不超过15级。
瓦尔特,6,光明的未来,"【加强前】施放战技时，对随机敌方单体额外造成1次伤害。
【加强后】施放战技或终结技击中减速状态下的敌方目标时，造成伤害的暴击率提高30%，暴击伤害提高60%。"
白厄,1,火与光，善恶的化身,"卡厄斯兰那的额外回合的基础速度继承比例提高至66%。单场战斗中每有1个敌方目标被消灭，使其额外提高1.5%，最多提高至84%。
施放终结技时，暴击伤害提高50%，持续3回合。"
白厄,2,天与地，世间的泡沫,卡厄斯兰那的物理属性抗性穿透提高20%。单次施放【支柱•死星天裁】消耗【毁伤】点数达到4点时，获得1个额外回合。
白厄,3,几重寂静深埋归墟,终结技等级+2，最多不超过15级；普攻等级+1，最多不超过10级。
白厄,4,多少泰坦面目模糊,施放【灾厄•弑魂焚诏】时，额外获得4层【弑魂之炽】。
白厄,5,永劫时针，三千万转,战技等级+2，最多不超过15级；天赋等级+2，最多不超过15级。
白厄,6,亘古长升，蚀火残阳,"【火种】的可溢出点数不再拥有上限。战斗开始时，获得6点【火种】。
施放【支柱•死星天裁】的攻击后，对生命值最高的敌方目标额外造成等同于本次攻击总伤害值36%的真实伤害。"
白露,1,百脉甘津宁神久,【生息】结束时若我方目标当前生命值等于其生命上限，则额外恢复目标8点能量。
白露,2,壶中洞天云螭眠,施放终结技后，白露的治疗量提高15%，持续2回合。
白露,3,掌间乾坤便通玄,战技等级+2，最多不超过15级；天赋等级+2，最多不超过15级。
白露,4,肘后备急除外障,战技提供的每1次治疗会额外使受治疗者造成的伤害提高10%，最多叠加3层，持续2回合。
白露,5,方定一倾浣俗尘,终结技等级+2，最多不超过15级；普攻等级+1，最多不超过10级。
白露,6,龙漦吐哺胜金丹,白露在单场战斗中累计可以对受到致命攻击的我方目标提供治疗的效果触发次数增加1次。
真珠,1,珍珠，藏在海的留白处,队伍中「欢愉」命途角色数量等于2/3/4或以上时，使我方全体欢愉度提高10%/20%/60%。若我方目标受到致命伤害，不会陷入无法战斗状态，并立即回复等同于其生命上限50%的生命值。该效果单场战斗中可以触发2次。
真珠,2,截取，顷刻破晓的光斑,我方全体目标的欢愉伤害增笑15%。施放终结技时，使除真珠和【美学底本】外的其他我方「欢愉」命途角色也触发行动提前效果，并使终结技提供的额外回合开始时获得的【好活当赏】和笑点提高100%。
真珠,3,速写，惊涛悬停的刹那,终结技等级+2，最多不超过15级；普攻等级+1，最多不超过10级；欢愉技等级+1，最多不超过15级。
真珠,4,解译，唇角模糊的笑意,欢愉技为我方全体目标提供的欢愉伤害倍率提高原倍率的100%。
真珠,5,透视，笔端星夜的肌理,战技等级+2，最多不超过15级；天赋等级+2，最多不超过15级；欢愉技等级+1，最多不超过15级。
真珠,6,用一副躯壳，演算生命,【深度学习】时，我方全体目标的全属性抗性穿透提高20%。真珠的强化普攻额外造成240%的冰属性欢愉伤害，该次欢愉伤害使用【美学底本】的属性值计算。
真理医生,1,倨傲生祸患,行迹【归纳】的叠加层数上限提高4层。战斗开始时，立即获得4层【归纳】。需要先解锁行迹【归纳】。
真理医生,2,显微而阐幽,天赋的追加攻击击中目标时，目标每有1个负面效果，则额外造成等同于真理医生20%攻击力的虚数属性附加伤害。该效果在每次追加攻击中最多触发4次。
真理医生,3,认识你自己,终结技等级+2，最多不超过15级；普攻等级+1，最多不超过10级。
真理医生,4,盲目造痴愚,触发天赋时，真理医生额外恢复15点能量。
真理医生,5,海阔舟无楫,战技等级+2，最多不超过15级；天赋等级+2，最多不超过15级。
真理医生,6,永恒唯真理,【智者的短见】的触发效果额外增加1次，天赋的追加攻击造成的伤害提高50%。
知更鸟,1,微笑的国度,处于【协奏】状态时，我方全体全属性抗性穿透提高24%。
知更鸟,2,两者的午茶,处于【协奏】状态时，我方全体速度提高16%。天赋的能量恢复效果额外提高1点。
知更鸟,3,倒悬的弦宫,战技等级+2，最多不超过15级；终结技等级+2，最多不超过15级。
知更鸟,4,雨滴的钥匙,施放终结技时，解除我方全体的控制类负面状态，使我方全体在知更鸟处于【协奏】状态期间的效果抵抗提高50%。
知更鸟,5,孤星的眼泪,普攻等级+1，最多不超过10级；天赋等级+2，最多不超过15级。
知更鸟,6,月隐的午夜,"处于【协奏】状态时,终结技造成的物理属性附加伤害的暴击伤害额外提高450%。【月隐的午夜】效果最多触发8次，每次施放终结技时重置触发次数。"
知更鸟•晴歌,1,夏日离群飞鸟,「晴空乐手」会记录我方目标造成的非真实伤害的100%，施放忆灵技时对生命值最高的敌方目标额外造成记录伤害总额(11%+当前气氛值点数*0.1%)的真实伤害，随后清空记录值的50%。
知更鸟•晴歌,2,心似一片湖水,我方目标的全属性抗性穿透提高18%。知更鸟·晴歌的气氛值上限提高20点，我方目标在任意目标回合内第一次施放技能使知更鸟·晴歌获得气氛值时额外获得2点。
知更鸟•晴歌,3,拾取沿途遗音,战技等级+2，最多不超过15级：天赋等级+2，最多不超过15级：忆灵天赋等级+1，最多不超过10级。
知更鸟•晴歌,4,聆听众弦的变奏,进入【Fever】状态时，立即获得12点气氛值，「晴空乐手」的速度提高(20%+当前气氛值*0.5%)。
知更鸟•晴歌,5,然后再次共逐新晨,终结技等级+2，最多不超过15级：普攻等级+1，最多不超过10级：忆灵技等级+1，最多不超过10级。
知更鸟•晴歌,6,唱一首未命名的歌,忆灵技的伤害倍率提高原倍率的100%。处于【Fever】状态时，知更鸟·晴歌的终结技可以最多储存2次，本场战斗中第一次进入【Fever】状态后或【Fever】倒计时回合开始时，固定恢复140点能量。
砂金,1,囚徒博弈,持有【坚垣筹码】的我方目标暴击伤害提高20%。施放终结技后，为我方全体提供护盾【坚垣筹码】，护盾量等同于战技提供的护盾量的100%，持续3回合。
砂金,2,有限理性,施放普攻时使目标的全属性抗性降低12%，持续3回合。
砂金,3,最高倍率,终结技等级+2，最多不超过15级；普攻等级+1，最多不超过10级。
砂金,4,意外绞刑,触发天赋的追加攻击时，会先使砂金防御力提高40%，持续2回合，并使天赋的追加攻击额外增加3段攻击段数。
砂金,5,模糊厌恶,战技等级+2，最多不超过15级；天赋等级+2，最多不超过15级。
砂金,6,猎鹿游戏,每有1个队友持有护盾，砂金造成的伤害提高50%，最高不超过150%。
砂金•戏浪,1,抵作筹码的假日,全属性抗性穿透提高24%。天赋获得强化：【热意】达到10点/20点/30点时，都会立即施放【举杯！敬炽烈一夏】。
砂金•戏浪,2,闲情如海潮涨落,【热意】上限提高至50点，达到40点/50点时，也会触发天赋施放【举杯！敬炽烈一夏】。施放欢愉技后额外获得4点【热意】。
砂金•戏浪,3,冰镇的午后邀约,战技等级+2，最多不超过15级；天赋等级+2，最多不超过15级；欢愉技等级+1，最多不超过15级。
砂金•戏浪,4,无需同阳光交易,砂金•戏浪施放战技时，使我方全体造成的伤害无视敌方目标18%的防御力，持续3回合。
砂金•戏浪,5,掷身于满贯风暴,终结技等级+2，最多不超过15级；普攻等级+1，最多不超过10级；欢愉技等级+1，最多不超过15级。
砂金•戏浪,6,将往日兑作一场狂飙,砂金•戏浪造成的欢愉伤害增笑25%。砂金•戏浪施放2次欢愉技后，其后续施放的所有欢愉技均为【All in！敬炽烈一夏】，且在阿哈时刻外施放欢愉技【All in！敬炽烈一夏】造成额外伤害时不再消耗【热意】。
符玄,1,司危,【鉴知】使暴击伤害提高30%。
符玄,2,柔兆,【穷观阵】开启时，若我方目标受到致命伤害，则本次行动中所有受到致命伤害的我方目标都不会陷入无法战斗状态，并立即回复等同于其自身生命上限70%的生命值。该效果单场战斗中可以触发1次。
符玄,3,直符,战技等级+2，最多不超过15级；天赋等级+2，最多不超过15级。
符玄,4,格泽,当处于【穷观阵】的我方其他目标受到攻击后，符玄恢复5点能量。
符玄,5,计神,终结技等级+2，最多不超过15级；普攻等级+1，最多不超过10级。
符玄,6,种陵,"【穷观阵】开启时，会累计我方全体本场战斗中的已损失生命值。符玄施放终结技造成的伤害提高，提高数值等同于本场战斗中累计已损失生命值的200%。
本场战斗中累计已损失生命值最高不超过符玄生命上限的120%，施放终结技后会清空并进行重新累计。"
米沙,1,飘忽的幻影,施放终结技时，场上每有1个敌方目标，本次终结技的攻击段数额外增加1段，最多额外增加5段。
米沙,2,青春的怅望,终结技每段攻击前，有24%的基础概率使目标防御力降低16%，持续3回合。
米沙,3,欢乐年光的影子,终结技等级+2，最多不超过15级；天赋等级+2，最多不超过15级。
米沙,4,亲挚的音容,终结技每段攻击的伤害倍率提高6%。
米沙,5,最初的爱与友谊,战技等级+2，最多不超过15级；普攻等级+1，最多不超过10级。
米沙,6,久已生疏的憧憬,施放终结技时，使自身造成的伤害提高30%，持续至自身回合结束，且下一次施放战技后为我方恢复1个战技点。
素裳,1,游刃有余,对陷入弱点击破状态的敌方目标施放战技后，恢复1个战技点。
素裳,2,其身百炼,触发【剑势】后，素裳受到的伤害降低20%，持续1回合。
素裳,3,传古剑流,终结技等级+2，最多不超过15级；天赋等级+2，最多不超过15级。
素裳,4,其心百辟,素裳的击破特攻提高40%。
素裳,5,太虚神意,战技等级+2，最多不超过15级；普攻等级+1，最多不超过10级。
素裳,6,上善若水,天赋的加速效果可以叠加，最多叠加2层，且进入战斗后素裳立即获得1层天赋的加速效果。
绯英,1,故乡，为祈福起舞,全属性抗性穿透提高20%，【狐狸老师】施放攻击后会额外触发一次欢愉技。欢愉技会使自身额外获得10点【好活当赏】。
绯英,2,遥途，求长开不谢,暴击伤害提高36%，触发行迹【瞰众乐】/行迹【开不败】的获得好活当赏效果时，额外获得等同于本次获得的【好活当赏】50%/100%的【好活当赏】。
绯英,3,尺剑，吞赤月妖邪,终结技等级+2，最多不超过15级；普攻等级+1，最多不超过10级；欢愉技等级+1，最多不超过15级。
绯英,4,花田，遭恶徒摘落,绯英造成的伤害无视敌方目标15%的防御力。
绯英,5,乐园，见悲喜苦乐,战技等级+2，最多不超过15级；天赋等级+2，最多不超过15级；欢愉技等级+1，最多不超过15级。
绯英,6,少女，见浮生入梦,绯英的【好活当赏】的持续时间增加1回合。绯英造成的欢愉伤害增笑15%，每持有100点【好活当赏】额外增笑2.0%，最高计入1000点【好活当赏】。进入战斗首次施放终结技后，为绯英固定恢复120点能量，该效果每再施放4次终结技可触发1次。
缇宝,1,拾起砂糖的祭典,结界持续期间，我方目标攻击敌人后，对结界造成附加伤害的目标额外造成等同于本次攻击总伤害值24%的真实伤害。
缇宝,2,探访佳梦的向导,结界造成的附加伤害提高至原伤害的120%。结界造成附加伤害时，会额外造成1次附加伤害。
缇宝,3,盛满晨曦的宝藏,终结技等级+2，最多不超过15级，普攻等级+1，最多不超过10级。
缇宝,4,心意相契的安宁,【神启】持续期间，我方全体造成伤害时无视目标18%的防御力。
缇宝,5,开启奇迹的时钟,"战技等级+2，最多不超过15级,天赋等级+2，最多不超过15级。"
缇宝,6,星月满天的明日,缇宝施放终结技后，对敌方全体发动天赋的追加攻击。天赋的追加攻击造成的伤害提高729%。
罗刹,1,濯洗生者,结界生效时我方全体攻击力提高20%。
罗刹,2,净庭赐礼,触发战技效果时，若指定我方目标当前生命值百分比小于50%，则罗刹提供的治疗量提高30%；若指定我方目标当前生命值百分比大于等于50%，则为其提供能够抵消等同于罗刹18%攻击力+240伤害的护盾，持续2回合。
罗刹,3,愚人试探,战技等级+2，最多不超过15级;普攻等级+1，最多不超过10级。
罗刹,4,荆冠审判,结界生效时使敌方目标陷入虚弱状态，造成的伤害降低12%。
罗刹,5,受难之痕,终结技等级+2，最多不超过15级；天赋等级+2，最多不超过15级。
罗刹,6,皆归尘土,施放终结技时，有100%固定概率使敌方全体伤害抗性降低20%，持续2回合。
翡翠,1,无私？亦可交割,翡翠天赋的追加攻击伤害提高32%，持有【收债人】状态的角色施放攻击后击中敌方目标数量等于2/1名时，翡翠额外获得1/2点充能。
翡翠,2,道德？谨此核押,【当品】叠加至15层时，翡翠暴击率提高18%。
翡翠,3,坦率？只待典当,战技等级+2，最多不超过15级，天赋等级+2，最多不超过15级。
翡翠,4,真诚？唯凭认沽,施放终结技时，使翡翠造成的伤害无视敌方目标12%的防御力，持续3回合。
翡翠,5,希冀？已然绝卖,终结技等级+2，最多不超过15级，普攻等级+1，最多不超过10级。
翡翠,6,公平？仍须保荐,场上有【收债人】状态的角色时，翡翠量子属性抗性穿透提高20%，同时翡翠获得【收债人】状态。
艾丝妲,1,星有无言之歌,施放战技时，对敌方随机单体额外造成1次伤害。
艾丝妲,2,月见圆缺之意,施放终结技时，艾丝妲下回合不会减少蓄能层数。
艾丝妲,3,黄道陨石之变,战技等级+2，最多不超过15级:天赋等级+2，最多不超过15级。
艾丝妲,4,极光显现之时,天赋的蓄能层数大于等于2时，艾丝妲的能量回复效率提高15%。
艾丝妲,5,深空天体之迷,终结技等级+2，最多不超过15级;普攻等级+1，最多不超过10级。
艾丝妲,6,眠于银河之下,天赋每回合减少的蓄能层数降低1。
花火,1,悬置怀疑,【加强前】终结技施加的【谜诡】的持续时间额外增加1回合，持有【谜诡】的我方目标攻击力提高40%。【加强后】持有【谜诡】的我方目标攻击力提高40%，战斗开始时或施放战技时，花火的速度提高15%，持续2回合。
花火,2,虚构无端,【加强前】天赋每层效果额外使我方目标造成伤害时无视目标8%的防御力。【加强后】天赋每层效果额外使敌方目标的防御力降低10%。
花火,3,梦幻泡影,战技等级+2，最多不超过15级；普攻等级+1，最多不超过10级。
花火,4,游戏人间,终结技可以额外恢复1点战技点，天赋的战技点上限增加效果额外增加1点。
花火,5,双面真相,终结技等级+2，最多不超过15级；天赋等级+2，最多不超过15级。
花火,6,多重解答,战技的暴击伤害提高效果额外提高，提高数值等同于花火暴击伤害的30%，花火施放战技时，使战技的暴击伤害提高效果对持有【谜诡】的队友都会生效，花火施放终结技时，若我方单体中有目标持有战技的暴击伤害提高效果，使该效果扩散至持有【谜诡】的队友。
藿藿,1,岁阳寄体，妖邪依凭,"【加强前】天赋产生的【禳命】持续时间延长1回合，且当藿藿拥有【禳命】时我方全体提高12%的速度。
【加强后】天赋产生的【禳命】持续时间延长1回合当藿藿拥有【禳命】时自身治疗量提高20%，并使我方全体速度提高12%。"
藿藿,2,判官书符，镇尾锁灵,当藿藿拥有【禳命】时，若我方目标受到致命攻击，不会陷入无法战斗状态，并立即回复等同于其自身生命上限50%的生命值，使【禳命】的持续回合数减1。该效果单场战斗中可以触发2次。
藿藿,3,贞凶体质，烛火招萤,终结技等级+2，最多不超过15级；天赋等级+2，最多不超过15级。
藿藿,4,坐卧不离，争拗难宁,施放战技或触发天赋为我方目标提供治疗时，目标的当前生命值越低治疗量越高，最多使藿藿提供的治疗量提高80%。
藿藿,5,降妖捉鬼，十王敕令,战技等级+2，最多不超过15级；普攻等级+1，最多不超过10级。
藿藿,6,同休共戚，相须而行,为我方目标提供治疗时，使目标造成的伤害提高50%，持续2回合。
虎克,1,早睡早起很健康,战技强化后造成的伤害提高20%。
虎克,2,吃好喝好长身体,战技使敌方目标陷入的灼烧状态持续时间增加1回合。
虎克,3,不挑不选全都要,战技等级+2，最多不超过15级；普攻等级+1，最多不超过10级。
虎克,4,稀里糊涂没关系,触发天赋时，有100%基础概率使指定敌方目标的相邻目标也陷入等同于战技的灼烧状态。
虎克,5,好事留名鼹鼠党,终结技等级+2，最多不超过15级；天赋等级+2，最多不超过15级。
虎克,6,随时准备打坏人,虎克对灼烧状态下的敌方目标造成的伤害提高20%。
貊泽,1,矢志,进入战斗后，貊泽恢复20点能量。每触发1次天赋的附加伤害，貊泽恢复2点能量。
貊泽,2,惩膺,我方全体目标对成为【猎物】的敌方目标造成伤害时，暴击伤害提高40%。
貊泽,3,追奔,终结技等级+2，最多不超过15级；天赋等级+2，最多不超过15级。
貊泽,4,逐薮,施放终结技时，貊泽造成的伤害提高30%，持续2回合。
貊泽,5,闪诳,战技等级+2，最多不超过15级；普攻等级+1，最多不超过10级。
貊泽,6,丹心,天赋的追加攻击的伤害倍率提高25%。
赛飞儿,1,察言观色看笑脸,赛飞儿记录的伤害值为原记录值的150%。施放天赋的追加攻击时，赛飞儿的攻击力提高80%，持续2回合。
赛飞儿,2,焦头烂额顺手牵,赛飞儿击中敌方目标时，有120%的基础概率使其受到的伤害提高30%，持续2回合。
赛飞儿,3,无中生有难分辨,终结技等级+2，最多不超过15级，普攻等级+1，最多不超过10级。
赛飞儿,4,东窗事发一溜烟,【老主顾】受到我方目标攻击后，赛飞儿对其造成等同于赛飞儿50%攻击力的量子属性附加伤害。
赛飞儿,5,狡兔三窟轻如燕,战技等级+2，最多不超过15级，天赋等级+2，最多不超过15级。
赛飞儿,6,大盗无名天地间,赛飞儿天赋的追加攻击造成的伤害提高350%，记录时额外记录该攻击造成的非溢出伤害的16%。施放终结技清空记录值后，返还本次清除记录值的20%。
远坂凛,1,宝石翁的学徒,若单次强化战技消耗的【宝石能量】数量大于等于30点，远坂凛获得与消耗的【宝石能量】数量相同的【影子宝石】。持有【影子宝石】时，战技强化为【第二魔法实验】，强化战技会消耗所有【影子宝石】，不触发将战技点转化为【宝石能量】的效果且不消耗【宝石能量】。
远坂凛,2,位面的旅行者,远坂凛造成的战技伤害提高30%。远坂凛在场时，我方全体造成的战技伤害为原伤害的130%。
远坂凛,3,圣杯战争：胜利纪念,战技等级+2，最多不超过15级；普攻等级+1，最多不超过10级。
远坂凛,4,红色•恶魔•三倍速,天赋【宝石魔术】的暴击伤害提高效果对远坂凛生效时，效果可以叠加，最多可叠加2层。
远坂凛,5,金星神的青睐,终结技等级+2，最多不超过15级；天赋等级+2，最多不超过15级。
远坂凛,6,这次没掉链子！,远坂凛的全属性抗性穿透提高20%。施放终结技时，获得24点【宝石能量】和1个额外回合。
遐蝶,1,雪地的圣女，付记忆入殓,敌方目标当前生命值小于等于自身生命上限 80% / 50% 时，【骸爪，冥龙之环拥】、【擘裂冥茫的爪痕】、【燎尽黯泽的焰息】、【灼掠幽墟的晦翼】对其造成的伤害为原伤害的 120% / 140% 。
遐蝶,2,以扑翼繁花加冕,召唤忆灵死龙后，遐蝶获得 2 层【炽意】，【炽意】最多持有 2 层，可用来抵扣死龙忆灵技【燎尽黯泽的焰息】的生命值消耗，并使遐蝶行动提前 100% ，下一次施放强化战技遐蝶获得等同于【新蕊】上限 30% 点数的【新蕊】。
遐蝶,3,虔敬的旅人，于死境翩跹,终结技等级+2，最多不超过 15 级；普攻等级+1，最多不超过 10 级；忆灵天赋等级+1，最多不超过 10 级。
遐蝶,4,拥悲怜哀歌安眠,遐蝶在场时，我方全体受到治疗时的回复量提高 20% 。
遐蝶,5,素白的新篇，以预言装点,战技等级+2，最多不超过 15 级；天赋等级+2，最多不超过 15 级；忆灵技等级+1，最多不超过 10 级。
遐蝶,6,待流年奔涌破茧,遐蝶与死龙造成伤害时，量子属性抗性穿透提高 20% 。死龙攻击期间可以无视弱点属性削减敌方韧性，击破弱点时，触发量子属性的弱点击破效果，触发天赋【灼掠幽墟的晦翼】的弹射次数额外增加 3 次。
那刻夏,1,月掩星夜的魔术师,首次施放战技后，恢复1个战技点。施放战技击中敌方目标时，使目标防御力降低16%，持续2回合。
那刻夏,2,真实历史的自然人,敌方目标入场时，触发1次天赋的弱点添加效果，并使其全属性抗性降低20%。
那刻夏,3,镌刻进深空的瞳孔,终结技等级+2，最多不超过15级，普攻等级+1，最多不超过10级。
那刻夏,4,坠落在山谷的炽热,施放战技时，攻击力提高30%，持续2回合。该效果最多叠加2层。
那刻夏,5,离心漩涡外的胚种,战技等级+2，最多不超过15级，天赋等级+2，最多不超过15级。
那刻夏,6,万物皆在万物之中,那刻夏造成的伤害为原伤害的130%。行迹【必要的留白】的2种效果都会直接触发，不再依赖我方队伍中「智识」命途角色的数量。
银枝,1,审美王国的缺口,每层【升格】额外使暴击伤害提高4%。
银枝,2,玛瑙石的谦卑,施放终结技时，若敌方目标数量大于等于3个时，攻击力提高40%，持续1回合。
银枝,3,荆棘路的荣光,战技等级+2，最多不超过15级；天赋等级+2，最多不超过15级。
银枝,4,号角的奉献,战斗开始时，获得2层【升格】，并使天赋的效果可叠加上限提高2层。
银枝,5,宇宙某处的雪,终结技等级+2，最多不超过15级；普攻等级+1，最多不超过10级。
银枝,6,「你」的光芒,施放终结技时，无视敌方目标30%的防御力。
银狼,1,社会工程,施放终结技攻击敌方目标后，目标每有一个负面效果，银狼恢复7点能量。该效果在每次终结技攻击中最多生效5次。
银狼,2,僵尸网络,【强化前】在敌方目标进入战斗时，使其效果抵抗降低20%。【强化后】在敌方目标进入战斗时，使其受到的伤害提高20%。当敌方目标受到我方目标攻击时，银狼有100%的基础概率给受到攻击的敌方目标植入1个随机【缺陷】。
银狼,3,攻击载荷,战技等级+2，最多不超过15级；天赋等级+2，最多不超过15级。
银狼,4,反弹端口,【强化前】施放终结技攻击敌方目标后，目标每有1个负面效果，则额外造成等同于银狼20%攻击力的量子属性附加伤害。该效果在每次终结技攻击中最多触发5次。【强化后】施放终结技攻击敌方目标后，目标每有1个负面效果，则额外造成等同于银狼20%攻击力的量子属性附加伤害。该效果在每次终结技攻击中对每个目标最多触发5次。
银狼,5,暴力破解,终结技等级+2，最多不超过15级；普攻等级+1，最多不超过10级。
银狼,6,重叠网络,敌方目标每有1个负面效果，银狼对其造成的伤害提高20%，最多提高100%。
银狼LV.999,1,以太编辑：星魂+1,结界中的敌方目标受到的伤害提高20%。退出【无敌玩家】状态时不会清空【隐藏分】，改为保留20%的【隐藏分】。
银狼LV.999,2,是机制，不是BUG,进入【无敌玩家】状态后，使自身所有增益效果延长1回合。本次【无敌玩家】状态下每使【隐藏分】提高120点（含初始【隐藏分】），「银狼LV.999」获得1个额外回合并恢复1次强化普攻的可施放次数。
银狼LV.999,3,只有15级？谁填的,战技等级+2，最多不超过15级；普攻等级+1，最多不超过10级；欢愉技等级+1，最多不超过15级。
银狼LV.999,4,我来，我见，我..秒了,【崩坏级伤害演示】造成的欢愉伤害额外计入5倍的笑点。
银狼LV.999,5,平A即是大招,终结技等级+2，最多不超过15级；天赋等级+2，最多不超过15级；欢愉技等级+1，最多不超过15级。
银狼LV.999,6,我独自满级！,强化普攻期间造成的欢愉伤害增笑50%。敌方目标进入战斗时，会被植入【禁限弱点】：拥有全属性弱点并且全属性基础抗性降低至0（若基础抗性为0则改为对应属性抗性降低20%）。
镜流,1,月犯天关,【强化前】施放终结技或强化战技时，镜流的暴击伤害提高24%，持续1回合。若只攻击了1个敌方目标，则额外对该目标造成1次镜流100%攻击力的冰属性伤害。【强化后】施放终结技或强化战技时，镜流的暴击伤害提高36%，持续1回合，并且额外对主目标造成1次等同于镜流80%最大生命值的冰属性伤害。
镜流,2,朔晕七星,施放终结技后，下一次强化战技的伤害提高80%。
镜流,3,半璧迫望,终结技等级+2，最多不超过15级；天赋等级+2，最多不超过15级。
镜流,4,持秉玄烛,【强化前】【转魄】状态下消耗队友生命值获得的攻击力额外提高，提高数值等同于我方全体生命值消耗总量的90%，获得的攻击力上限提高30%。【强化后】【转魄】状态下每层【月色】额外提高20%暴击伤害。
镜流,5,晦入三台,战技等级+2，最多不超过15级；普攻等级+1，最多不超过10级。
镜流,6,蚀变于娄,【强化前】镜流进入【转魄】状态时，【朔望】的上限层数提高1层并额外获得1层【朔望】。【转魄】状态下，暴击伤害提高50%。【强化后】镜流进入【转魄】状态时，【朔望】的上限层数提高1层并额外获得2层【朔望】。【转魄】状态下，冰属性抗性穿透提高30%。
长夜月,1,睡吧，长夜有所梦,长夜月在场时，场上敌方目标数量等于4或以上/3/2/1名时，我方忆灵造成的伤害为原伤害的120%/125%/130%/150%。
长夜月,2,听，沉眠中的呓语,长夜月和忆灵「长夜」的暴击伤害提高40%，每当长夜月获得【忆质】时，使获得的【忆质】数量提高2点。施放终结技时，额外获得2点【至暗之谜】的充能。
长夜月,3,别怕，噩梦已成过去,战技等级+2，最多不超过15级；普攻等级+1，最多不超过10级；忆灵天赋等级+1，最多不超过10级。
长夜月,4,醒来，便是你的明天,长夜月在场时，我方忆灵的弱点击破效率提高25%，忆灵「长夜」的弱点击破效率额外提高25%。
长夜月,5,忘却，记忆中的「我」,终结技等级+2，最多不超过15级；天赋等级+2，最多不超过15级；忆灵技等级+1，最多不超过10级。
长夜月,6,就这样，一直,长夜月在场时，我方全体目标的全属性抗性穿透提高20%。忆灵「长夜」施放【迷梦，流失，如露】后，长夜月获得本次攻击消耗【忆质】数量的30%。
阮•梅,1,神经仿绣图,终结技展开结界期间，我方全体造成伤害时无视目标20%的防御力。
阮•梅,2,芦前漫步,阮•梅在场时，我方全体对处于弱点击破状态的敌方目标造成伤害时，攻击力提高40%。
阮•梅,3,彩缎烟衫绿婆娑,终结技等级+2，最多不超过15级；天赋等级+2，最多不超过15级。
阮•梅,4,寻神铜镜前,当敌方目标的弱点被击破时，阮•梅自身击破特攻提高100%，持续3回合。
阮•梅,5,手弄慵鬟玲珑钗,战技等级+2，最多不超过15级；普攻等级+1，最多不超过10级。
阮•梅,6,半脱纱巾落团扇,终结技展开的结界持续时间延长1回合。天赋造成的击破伤害倍率额外提高200%。
阿兰,1,万死不辞,当前生命值百分比小于等于50%时，战技造成的伤害提高10%。
阿兰,2,除制去缚,施放战技、终结技时，解除自身的1个负面效果。
阿兰,3,重剑强攻,战技等级+2，最多不超过15级；普攻等级+1，最多不超过10级。
阿兰,4,绝处反击,进入战斗后，受到致命攻击时阿兰不会陷入无法战斗状态，并立即回复至自身生命上限的25%。该效果在触发1次后或持续2回合后自动解除。
阿兰,5,全力倾注,终结技等级+2，最多不超过15级；天赋等级+2，最多不超过15级。
阿兰,6,以身作引,当前生命值百分比小于等于50%时，终结技造成的伤害提高20%，且对相邻目标的伤害倍率提高到与主目标相同的伤害倍率。
阿格莱雅,1,飘曳金星的行列,处于【间隙织线】状态下的敌人受到的伤害提高15%，阿格莱雅或衣匠攻击该目标后额外恢复20点能量。
阿格莱雅,2,行舟命运的眼睑,当阿格莱雅或衣匠行动时，使阿格莱雅与衣匠造成的伤害无视目标14%的防御力，该效果最多叠加3层，持续至除自身与衣匠以外的任意单位主动施放技能时。
阿格莱雅,3,华珠凝滞的礼物,战技等级+2，最多不超过15级；普攻等级+1，最多不超过10级；忆灵天赋等级+1，最多不超过10级。
阿格莱雅,4,大理石内的闪烁,忆灵天赋的速度提高效果层数上限提高1层。阿格莱雅施放攻击后也能使衣匠获得忆灵天赋的速度提高效果。
阿格莱雅,5,漆黑苦难的织者,终结技等级+2，最多不超过15级；天赋等级+2，最多不超过15级；忆灵技等级+1，最多不超过10级。
阿格莱雅,6,盈虚无常的金线,当阿格莱雅处于【至高之姿】状态时，自身与衣匠的雷属性抗性穿透提高20%，当阿格莱雅或衣匠的速度高于160/240/320点时，其造成的连携攻击伤害提高10%/30%/60%。
雪衣,1,缚心魔,天赋的追加攻击造成的伤害提高40%。
雪衣,2,破五尘,天赋的追加攻击无视弱点属性削减敌方的韧性，同时为自身恢复等同于雪衣5%生命上限的生命值。击破弱点时，触发量子属性的弱点击破效果。
雪衣,3,止苦谛,战技等级+2，最多不超过15级；普攻等级+1，最多不超过10级。
雪衣,4,断业根,施放终结技时，击破特攻提高40%，持续2回合，
雪衣,5,勾灵神,终结技等级+2，最多不超过15级；天赋等级+2，最多不超过15级。
雪衣,6,司死生,【恶报】的层数上限降低至6层。
青雀,1,散勇化骁摸幺鱼,施放终结技造成的伤害提高10%。
青雀,2,棋枰作枕好入眠,青雀每次触发抽牌时，立即恢复1点能量。
青雀,3,观琼视茕门前清,终结技等级+2，最多不超过15级；天赋等级+2，最多不超过15级。
青雀,4,帝垣翔鳞和绝张,"施放战技后，有24%的固定概率获得【不求人】状态，持续至本回合结束。
【不求人】状态下，施放普攻或施放强化普攻后立即进行1次追加攻击，对该目标造成等同于本次普攻或强化普攻伤害100%的量子属性伤害。"
青雀,5,七星流离全不靠,战技等级+2，最多不超过15级；普攻等级+1，最多不超过10级。
青雀,6,虚心平意候枭卢,施放强化普攻后，恢复1个战技点。
风堇,1,呵护黑夜中的烛火,风堇处于【雨过天晴】状态时，我方全体目标生命上限额外提高50%，并且施放攻击后立即回复等同于风堇8%生命上限的生命值。
风堇,2,请来我的庭院坐坐,我方目标生命值降低时，速度提高30%，持续2回合。
风堇,3,出发！向阳的历险,终结技等级+2，最多不超过15级；普攻等级+1，最多不超过10级；忆灵技等级+1，最多不超过10级。
风堇,4,送你一颗橙晖琥珀,行迹【暴风停歇】获得强化，每超过1点速度，风堇和小伊卡的暴击伤害额外提高2%。
风堇,5,红霞映入海的背面,战技等级+2，最多不超过15级；天赋等级+2，最多不超过15级；忆灵天赋等级+1，最多不超过10级。
风堇,6,天空…应我的祈愿,小伊卡施放忆灵技清空累计治疗数值改为12%，小伊卡在场时，我方全体目标的全属性抗性穿透提高20%。
飞霄,1,镇绥天钧,发动【闪裂刃舞】或【钺贯天冲】后，使飞霄造成的终结技伤害额外提高，提高数值等同于原伤害的10%，最多叠加5层，持续至终结技行动结束。
飞霄,2,礼辰祷月,天赋效果中，我方目标每施放1次追加攻击即可使飞霄获得1点【飞黄】。该效果每回合最多触发6次。
飞霄,3,景星出宿,终结技等级+2，最多不超过15级；普攻等级+1，最多不超过10级。
飞霄,4,驱飓听冰,天赋的追加攻击的削韧值提高100%，并且发动时使自身速度提高8%，持续2回合。
飞霄,5,擢登霄汉,战技等级+2，最多不超过15级；天赋等级+2，最多不超过15级。
飞霄,6,惟首正丘,飞霄造成的终结技伤害的全属性抗性穿透提高20%。天赋的追加攻击伤害同时视为终结技伤害，并且伤害倍率提高140%。
驭空,1,天舶飞将，枕弧待战,进入战斗时，我方全体速度提高10%，持续2回合。
驭空,2,青霄驰骋，驱驭苍穹,当我方任意单体当前能量值等于其能量上限时，驭空额外恢复5点能量。该效果我方每个单体仅可触发1次，当驭空施放终结技后，重置该效果触发次数。
驭空,3,危弓未辍，执射不宁,战技等级+2，最多不超过15级；普攻等级+1，最多不超过10级。
驭空,4,百里闻风，九曲响镝,持有【鸣弦号令】时，驭空造成的伤害提高30%。
驭空,5,井仪贯侯，疾羽参连,终结技等级+2，最多不超过15级；天赋等级+2，最多不超过15级。
驭空,6,弦栝如雷，铣珧激荡,驭空施放终结技时，立即先获得1层【鸣弦号令】。
黄泉,1,高天寥落真言始,对处于负面效果的敌方目标造成伤害时暴击率提高18%。
黄泉,2,霆鼓俱寂，瑟风亦止,行迹【奈落】最高数值所需求「虚无」命途角色的数量减少1名，自身回合开始时获得1点【残梦】，同时为【集真赤】最多的敌方附上1层【集真赤】。
黄泉,3,寒肃惊永蛰,终结技等级+2，最多不超过15级；普攻等级+1，最多不超过10级。
黄泉,4,亘焰燎照镜中人,在敌方目标进入战斗时，使其陷入终结技伤害易伤状态，受到的终结技伤害提高8%。
黄泉,5,崇岩支离，千身飘零,战技等级+2，最多不超过15级；天赋等级+2，最多不超过15级。
黄泉,6,灾咎解桎梏,黄泉造成的终结技伤害全属性抗性穿透提高20%，施放普攻、战技造成的伤害同时视为终结技伤害，并无视弱点属性削减敌方韧性。击破弱点时，触发雷属性的弱点击破效果。
黑塔,1,落井当下石,施放普攻时，若指定敌方单体生命值百分比小于等于50%，则额外造成等同于黑塔40%攻击力的冰属性附加伤害。
黑塔,2,得胜必追击,天赋每触发1次，自身暴击率提高3%，该效果最多叠加5层。
黑塔,3,我就是这样女子,战技等级+2，最多不超过15级；普攻等级+1，最多不超过10级。
黑塔,4,打人要打脸,触发天赋时造成的伤害提高10%。
黑塔,5,骂人不留口,终结技等级+2，最多不超过15级；天赋等级+2，最多不超过15级。
黑塔,6,世上没人能负我,施放终结技后，攻击力提高25%，持续1回合。
黑天鹅,1,三磅石，七阶柱,当黑天鹅处于可战斗状态时，处于风化、裂伤、灼烧、触电状态下的敌方目标对应的风、物理、火、雷属性抗性分别降低25%。
黑天鹅,2,羔羊，请勿为我恸哭,【加强前】【奥迹】状态下的敌方目标被消灭时，有100%的基础概率使相邻目标陷入6层【奥迹】。【加强后】敌方目标进入战斗时，有100%的基础概率陷入30层【奥迹】。
黑天鹅,3,上界如此，下界亦然,战技等级+2，最多不超过15级；天赋等级+2，最多不超过15级。
黑天鹅,4,泪水，亦是礼物,【加强前】【揭露】状态下，敌方目标效果抵抗降低10%，且每回合开始时或被消灭时使黑天鹅恢复8点能量。能量恢复效果在【揭露】状态持续时间内最多触发1次，再次陷入【揭露】状态会刷新触发次数。【加强后】【揭露】状态下，敌方目标受到的伤害额外提高20%，且每回合开始时或被消灭时使黑天鹅恢复8点能量。
黑天鹅,5,候鸟之路,终结技等级+2，最多不超过15级；普攻等级+1，最多不超过10级。
黑天鹅,6,万神皆善，苦役者未知,"【加强前】当敌方目标受到黑天鹅的队友的攻击时，黑天鹅有65%的基础概率使目标陷入1层【奥迹】。
每当黑天鹅使敌方目标陷入【奥迹】时，有50%的固定概率使本次叠加的【奥迹】层数额外提高1层。【加强后】【奥迹】可以叠加的层数提高30层。当敌方目标受到黑天鹅的队友的攻击时，黑天鹅有65%的基础概率使目标陷入1层【奥迹】。每当黑天鹅使敌方目标陷入1层【奥迹】时，使本次叠加层数额外提高1层。"
