角色名,晋阶阶段,所需材料
Archer,1级属性/晋阶所需材料,暗帷月华 ×65、熄灭原核 ×15、微光原核 ×15、蠢动原核 ×15、信用点 ×330800
Archer,20级晋阶,熄灭原核 ×5、信甩点 ×4000
Archer,30级晋阶,熄灭原核 ×10、信用点 ×8000
Archer,40级晋阶,暗帷月华 ×3、微光原核 ×6、信用点 ×16000
Archer,50级晋阶,暗帷月华 ×7、微光原核 ×9、信用点 ×40000
Archer,60级晋阶,暗帷月华 ×20、蠢动原核 ×6、信用点 ×80000
Archer,70级晋阶,暗帷月华 ×35、蠢动原核 ×9、信用点 ×160000
Saber,1级属性/晋阶所需材料,一杯酩酊的时代 ×65、践踏的意志 ×15、篡改的野心 ×15、掠夺的本能 ×15、信用点 ×3308000
Saber,20级晋阶,信用点 ×4000、掠夺的本能 ×5
Saber,30级晋阶,信用点 ×8000、掠夺的本能 ×10
Saber,40级晋阶,信用点 ×16000、篡改的野心 ×6、一杯酩酊的时代 ×3
Saber,50级晋阶,信用点 ×40000、篡改的野心 ×9、一杯酩酊的时代 ×7
Saber,60级晋阶,信用点 ×80000、践踏的意志 ×6、一杯酩酊的时代 ×20
Saber,70级晋阶,信用点 ×160000、践踏的意志 ×9、一杯酩酊的时代 ×35
万敌,1级属性/晋阶所需材料,纷争先兆 ×65、荣耀洗礼身躯 ×15、勇气撕裂胸膛 ×15、恐惧踏碎血肉 ×15、信用点 ×308000
万敌,20级晋阶,恐惧踏碎血肉 ×5、信用点 ×4000
万敌,30级晋阶,恐惧踏碎血肉 ×10、信用点 ×8000
万敌,40级晋阶,纷争先兆 ×3、勇气撕裂胸膛 ×6、信用点 ×16000
万敌,50级晋阶,纷争先兆 ×7、勇气撕裂胸膛 ×9、信用点 ×40000
万敌,60级晋阶,纷争先兆 ×20、荣耀洗礼身躯 ×6、信用点 ×80000
万敌,70级晋阶,纷争先兆 ×35、荣耀洗礼身躯 ×9、信用点 ×160000
三月七,1级属性/晋阶所需材料,风雪之角 ×50、践踏的意志 ×12、篡改的野心 ×13、掠夺的本能 ×12、信用点 ×246400
三月七,20级晋阶,掠夺的本能 ×4、信用点 ×3200
三月七,30级晋阶,掠夺的本能 ×8、信用点 ×6400
三月七,40级晋阶,风雪之角 ×2、篡改的野心 ×5、信用点 ×12800
三月七,50级晋阶,风雪之角 ×5、篡改的野心 ×8、信用点 ×32000
三月七,60级晋阶,风雪之角 ×15、践踏的意志 ×5、信用点 ×64000
三月七,70级晋阶,风雪之角 ×28、践踏的意志 ×7、信用点 ×128000
不死途,1级属性/晋阶所需材料,狂雷扫弦 ×65、童真蜡笔 ×15、造梦蘸钢 ×15、梦现管锥 ×15、信用点 ×308000
不死途,20级晋阶,童真蜡笔 ×5、信用点 ×4000
不死途,30级晋阶,童真蜡笔 ×10、信用点 ×8000
不死途,40级晋阶,狂雷扫弦 ×3、造梦蘸钢 ×6、信用点 ×16000
不死途,50级晋阶,狂雷扫弦 ×7、造梦蘸钢 ×9、信用点 ×40000
不死途,60级晋阶,狂雷扫弦 ×20、梦现管锥 ×6、信用点 ×80000
不死途,70级晋阶,狂雷扫弦 ×35、梦现管锥 ×9、信用点 ×160000
丹恒,1级属性/晋阶所需材料,暴风之眼 ×50、蠢动原核 ×12、微光原核 ×13、熄灭原核 ×12、信用点 ×246400
丹恒,20级晋阶,熄灭原核 ×4、信用点 ×3200
丹恒,30级晋阶,熄灭原核 ×8、信用点 ×6400
丹恒,40级晋阶,暴风之眼 ×2、微光原核 ×5、信用点 ×12800
丹恒,50级晋阶,暴风之眼 ×5、微光原核 ×8、信用点 ×32000
丹恒,60级晋阶,暴风之眼 ×15、蠢动原核 ×5、信用点 ×64000
丹恒,70级晋阶,暴风之眼 ×28、蠢动原核 ×7、信用点 ×128000
丹恒•腾荒,1级属性/晋阶所需材料,侵略凝块 ×15、恐惧踏碎血肉 ×15、勇气撕裂胸膛 ×15、荣耀洗礼身躯 ×15、信用点 ×308000
丹恒•腾荒,20级晋阶,恐惧踏碎血肉 ×5、信用点 ×4000
丹恒•腾荒,30级晋阶,恐惧踏碎血肉 ×10、信用点 ×8000
丹恒•腾荒,40级晋阶,侵略凝块 ×3、勇气撕裂胸膛 ×6、信用点 ×16000
丹恒•腾荒,50级晋阶,侵略凝块 ×7、勇气撕裂胸膛 ×9、信用点 ×40000
丹恒•腾荒,60级晋阶,侵略凝块 ×20、荣耀洗礼身躯 ×6、信用点 ×80000
丹恒•腾荒,70级晋阶,侵略凝块 ×35、荣耀洗礼身躯 ×9、信用点 ×160000
丹恒•饮月,1级属性/晋阶所需材料,镇灵敕符 ×65、永寿荣枝 ×15、永寿天华 ×15、永寿幼芽 ×15、信用点 ×308000
丹恒•饮月,20级晋阶,永寿幼芽 ×5、信用点 ×4000
丹恒•饮月,30级晋阶,永寿幼芽 ×10、信用点 ×8000
丹恒•饮月,40级晋阶,镇灵敕符 ×3、永寿天华 ×6、信用点 ×16000
丹恒•饮月,50级晋阶,镇灵敕符 ×7、永寿天华 ×9、信用点 ×40000
丹恒•饮月,60级晋阶,镇灵敕符 ×20、永寿荣枝 ×6、信用点 ×80000
丹恒•饮月,70级晋阶,镇灵敕符 ×35、永寿荣枝 ×9、信用点 ×160000
乱破,1级属性/晋阶所需材料,一曲合弦的幻景 ×65、蓄梦元件 ×15、流梦阀门 ×15、造梦马达 ×15、信用点 ×308000
乱破,20级晋阶,蓄梦元件 ×5、信用点 ×4000
乱破,30级晋阶,蓄梦元件 ×10、信用点 ×8000
乱破,40级晋阶,一曲合弦的幻景 ×3、流梦阀门 ×6、信用点 ×16000
乱破,50级晋阶,一曲合弦的幻景 ×7、流梦阀门 ×9、信用点 ×40000
乱破,60级晋阶,一曲合弦的幻景 ×20、造梦马达 ×6、信用点 ×80000
乱破,70级晋阶,一曲合弦的幻景 ×35、造梦马达 ×9、信用点 ×160000
云璃,1级属性/晋阶所需材料,星际和平工作证 ×65、工造浑心 ×15、工造迴轮 ×15、工造机杼 ×15、信用点 ×308000
云璃,20级晋阶,工造机杼 ×5、信用点 ×4000
云璃,30级晋阶,工造机杼 ×10、信用点 ×8000
云璃,40级晋阶,星际和平工作证 ×3、工造迴轮 ×6、信用点 ×16000
云璃,50级晋阶,星际和平工作证 ×7、工造迴轮 ×9、信用点 ×40000
云璃,60级晋阶,星际和平工作证 ×20、工造迴轮 ×6、信用点 ×80000
云璃,70级晋阶,星际和平工作证 ×35、工造迴轮 ×9、信用点 ×160000
仙舟三月七,1级属性/晋阶所需材料,风雪之角 ×50、践踏的意志 ×12、篡改的野心 ×13、掠夺的本能 ×12、信用点 ×246400
仙舟三月七,20级晋阶,掠夺的本能 ×4、信用点 ×3200
仙舟三月七,30级晋阶,掠夺的本能 ×8、信用点 ×6400
仙舟三月七,40级晋阶,风雪之角 ×2、篡改的野心 ×5、信用点 ×12800
仙舟三月七,50级晋阶,风雪之角 ×5、篡改的野心 ×8、信用点 ×32000
仙舟三月七,60级晋阶,风雪之角 ×15、践踏的意志 ×5、信用点 ×64000
仙舟三月七,70级晋阶,风雪之角 ×28、践踏的意志 ×7、信用点 ×128000
佩拉,1级属性/晋阶所需材料,风雪之角 ×50、熄灭原核 ×12、微光原核 ×12、蠢动原核 ×12、信用点 ×246400
佩拉,20级晋阶,熄灭原核 ×4、信用点 ×3200
佩拉,30级晋阶,熄灭原核 ×8、信用点 ×6400
佩拉,40级晋阶,微光原核 ×5、风雪之角 ×2、信用点 ×12800
佩拉,50级晋阶,微光原核 ×8、风雪之角 ×5、信用点 ×32000
佩拉,60级晋阶,蠢动原核 ×5、风雪之角 ×15、信用点 ×64000
佩拉,70级晋阶,蠢动原核 ×7、风雪之角 ×28、信用点 ×128000
停云,1级属性/晋阶所需材料,往日之影的雷冠 ×50、永寿荣枝 ×12、永寿天华 ×13、永寿幼芽 ×12、信用点 ×246400
停云,20级晋阶,永寿幼芽 ×4、信用点 ×3200
停云,30级晋阶,永寿幼芽 ×8、信用点 ×6400
停云,40级晋阶,往日之影的雷冠 ×2、永寿天华 ×5、信用点 ×12800
停云,50级晋阶,往日之影的雷冠 ×5、永寿天华 ×8、信用点 ×32000
停云,60级晋阶,往日之影的雷冠 ×15、永寿荣枝 ×5、信用点 ×64000
停云,70级晋阶,往日之影的雷冠 ×28、永寿荣枝 ×7、信用点 ×128000
克拉拉,1级属性/晋阶所需材料,铁狼碎齿 ×65、古代零件 ×15、古代转轴 ×15、古代引擎 ×15、信用点 ×308000
克拉拉,20级晋阶,古代零件 ×5、信用点 ×4000
克拉拉,30级晋阶,古代零件 ×10、信用点 ×8000
克拉拉,40级晋阶,铁狼碎齿 ×3、古代转轴 ×6、信用点 ×16000
克拉拉,50级晋阶,铁狼碎齿 ×7、古代转轴 ×9、信用点 ×40000
克拉拉,60级晋阶,铁狼碎齿 ×20、古代引擎 ×6、信用点 ×80000
克拉拉,70级晋阶,铁狼碎齿 ×35、古代引擎 ×9、信用点 ×160000
刃,1级属性/晋阶所需材料,天人遗垢 ×65、永寿荣枝 ×15、永寿天华 ×15、永寿幼芽 ×15、信用点 ×308000
刃,20级晋阶,永寿幼芽 ×5、信用点 ×4000
刃,30级晋阶,永寿幼芽 ×10、信用点 ×8000
刃,40级晋阶,天人遗垢 ×3、永寿天华 ×6、信用点 ×16000
刃,50级晋阶,天人遗垢 ×7、永寿天华 ×9、信用点 ×40000
刃,60级晋阶,天人遗垢 ×20、永寿荣枝 ×6、信用点 ×80000
刃,70级晋阶,天人遗垢 ×35、永寿荣枝 ×9、信用点 ×160000
刻律德菈,1级属性/晋阶所需材料,暮晖烬蕾 ×65、哀叹漫无止息 ×15、悲鸣由远及近 ×15、预兆似有若无 ×15、信用点 ×308000
刻律德菈,20级晋阶,预兆似有若无 ×10、信用点 ×4000
刻律德菈,30级晋阶,预兆似有若无 ×5、信用点 ×8000
刻律德菈,40级晋阶,暮晖烬蕾 ×3、悲鸣由远及近 ×6、信用点 ×16000
刻律德菈,50级晋阶,暮晖烬蕾 ×7、悲鸣由远及近 ×9、信用点 ×40000
刻律德菈,60级晋阶,暮晖烬蕾 ×20、哀叹漫无止息 ×6、信用点 ×80000
刻律德菈,70级晋阶,暮晖烬蕾 ×35、哀叹漫无止息 ×9、信用点 ×160000
加拉赫,1级属性/晋阶所需材料,忿火之心 ×50、蓄梦元件 ×12、流梦阀门 ×12、造梦马达 ×12、信用点 ×246400
加拉赫,20级晋阶,蓄梦元件 ×4、信用点 ×3200
加拉赫,30级晋阶,蓄梦元件 ×8、信用点 ×6400
加拉赫,40级晋阶,忿火之心 ×2、流梦阀门 ×5、信用点 ×12800
加拉赫,50级晋阶,忿火之心 ×5、流梦阀门 ×8、信用点 ×320000
加拉赫,60级晋阶,忿火之心 ×15、造梦马达 ×5、信用点 ×64000
加拉赫,70级晋阶,忿火之心 ×28、造梦马达 ×7、信用点 ×128000
千冶•刃,1级属性/晋阶所需材料,明辉日珥 ×65、梦现管锥 ×15、造梦蘸钢 ×15、童真蜡笔 ×15、信用点 ×308000
千冶•刃,20级晋阶,童真蜡笔 ×5、信用点 ×4000
千冶•刃,30级晋阶,童真蜡笔 ×10、信用点 ×8000
千冶•刃,40级晋阶,明辉日珥 ×3、造梦蘸钢 ×6、信用点 ×16000
千冶•刃,50级晋阶,明辉日珥 ×7、造梦蘸钢 ×9、信用点 ×40000
千冶•刃,60级晋阶,明辉日珥 ×20、梦现管锥 ×6、信用点 ×80000
千冶•刃,70级晋阶,明辉日珥 ×35、梦现管锥 ×9、信用点 ×160000
卡芙卡,1级属性/晋阶所需材料,炼形者雷枝 ×65、掠夺的本能 ×15、篡改的野心 ×15、践踏的意志 ×15、信用点 ×308000
卡芙卡,20级晋阶,掠夺的本能 ×5、信用点 ×4000
卡芙卡,30级晋阶,掠夺的本能 ×10、信用点 ×8000
卡芙卡,40级晋阶,炼形者雷枝 ×3、篡改的野心 ×6、信用点 ×16000
卡芙卡,50级晋阶,炼形者雷枝 ×7、篡改的野心 ×9、信用点 ×	 40000
卡芙卡,60级晋阶,炼形者雷枝 ×20、践踏的意志 ×6、信用点 ×80000
卡芙卡,70级晋阶,炼形者雷枝 ×35、践踏的意志 ×9、信用点 ×160000
卢卡,1级属性/晋阶所需材料,铁狼碎齿 ×50、古代引擎 ×12、古代转轴 ×13、古代零件 ×12、信用点 ×246400
卢卡,20级晋阶,古代零件 ×4、信用点 ×3200
卢卡,30级晋阶,古代零件 ×8、信用点 ×6400
卢卡,40级晋阶,铁狼碎齿 ×2、古代转轴 ×5、信用点 ×12800
卢卡,50级晋阶,铁狼碎齿 ×5、古代转轴 ×8、信用点 ×32000
卢卡,60级晋阶,铁狼碎齿 ×15、古代引擎 ×5、信用点 ×64000
卢卡,70级晋阶,铁狼碎齿 ×28、古代引擎 ×7、信用点 ×128000
吉尔伽美什,1级属性/晋阶所需材料,狂雷扫弦 ×65、蠢动原核 ×15、微光原核 ×15、熄灭原核 ×15、信用点 ×308000
吉尔伽美什,20级晋阶,熄灭原核 ×5、信用点 ×4000
吉尔伽美什,30级晋阶,熄灭原核 ×10、信用点 ×8000
吉尔伽美什,40级晋阶,狂雷扫弦 ×3、微光原核 ×6、信用点 ×16000
吉尔伽美什,50级晋阶,狂雷扫弦 ×7、微光原核 ×9、信用点 ×40000
吉尔伽美什,60级晋阶,狂雷扫弦 ×20、蠢动原核 ×6、信用点 ×80000
吉尔伽美什,70级晋阶,狂雷扫弦 ×35、微光原核 ×9、信用点 ×160000
大丽花,1级属性/晋阶所需材料,明辉日珥 ×65、欲念碎镜 ×15、印象残晶 ×15、思绪末屑 ×15、信用点 ×308000
大丽花,20级晋阶,思绪末屑 ×5、信用点 ×4000
大丽花,30级晋阶,思绪末屑 ×10、信用点 ×8000
大丽花,40级晋阶,明辉日珥 ×3、印象残晶 ×6、信用点 ×16000
大丽花,50级晋阶,明辉日珥 ×7、印象残晶 ×9、信用点 ×40000
大丽花,60级晋阶,明辉日珥 ×20、欲念碎镜 ×6、信用点 ×80000
大丽花,70级晋阶,明辉日珥 ×35、欲念碎镜 ×9、信用点 ×160000
大黑塔,1级属性/晋阶所需材料,冷藏梦箱 ×65、熄灭原核 ×15、微光原核 ×15、蠢动原核 ×15、信用点 ×308000
大黑塔,20级晋阶,熄灭原核 ×5、信用点 ×4000
大黑塔,30级晋阶,熄灭原核 ×10、信用点 ×8000
大黑塔,40级晋阶,冷藏梦箱 ×3、微光原核 ×6、信用点 ×16000
大黑塔,50级晋阶,冷藏梦箱 ×7、微光原核 ×9、信用点 ×40000
大黑塔,60级晋阶,冷藏梦箱 ×20、蠢动原核 ×6、信用点 ×80000
大黑塔,70级晋阶,冷藏梦箱 ×35、蠢动原核 ×9、信用点 ×160000
姬子,1级属性/晋阶所需材料,恒温晶壳 ×65、熄灭原核 ×15、微光原核 ×15、蠢动原核 ×15、信用点 ×308000
姬子,20级晋阶,熄灭原核 ×5、信用点 ×4000
姬子,30级晋阶,熄灭原核 ×10、信用点 ×8000
姬子,40级晋阶,微光原核 ×6、恒温晶壳 ×3、信用点 ×16000
姬子,50级晋阶,微光原核 ×9、恒温晶壳 ×7、信用点 ×40000
姬子,60级晋阶,蠢动原核 ×6、恒温晶壳 ×20、信用点 ×80000
姬子,70级晋阶,蠢动原核 ×9、恒温晶壳 ×35、信用点 ×160000
姬子•启行,1级属性/晋阶所需材料,明辉日珥 ×65、童真蜡笔 ×15、造梦蘸钢 ×15、梦现管锥 ×15、信用点 ×308000
姬子•启行,20级晋阶,童真蜡笔 ×5、信用点 ×4000
姬子•启行,30级晋阶,童真蜡笔 ×10、信用点 ×8000
姬子•启行,40级晋阶,明辉日珥 ×3、造梦蘸钢 ×6、信用点 ×16000
姬子•启行,50级晋阶,明辉日珥 ×7、造梦蘸钢 ×9、信用点 ×40000
姬子•启行,60级晋阶,明辉日珥 ×20、梦现管锥 ×6、信用点 ×80000
姬子•启行,70级晋阶,明辉日珥 ×35、梦现管锥 ×9、信用点 ×160000
娜塔莎,1级属性/晋阶所需材料,铁狼碎齿 ×50、古代引擎 ×12、古代转轴 ×13、古代零件 ×12、信用点 ×246400
娜塔莎,20级晋阶,古代零件 ×4、信用点 ×3200
娜塔莎,30级晋阶,古代零件 ×8、信用点 ×6400
娜塔莎,40级晋阶,铁狼碎齿 ×2、古代转轴 ×5、信用点 ×12800
娜塔莎,50级晋阶,铁狼碎齿 ×5、古代转轴 ×8、信用点 ×32000
娜塔莎,60级晋阶,铁狼碎齿 ×15、古代引擎 ×5、信用点 ×64000
娜塔莎,70级晋阶,铁狼碎齿 ×28、古代引擎 ×7、信用点 ×128000
寒鸦,1级属性/晋阶所需材料,幽府通令 ×50、工造浑心 ×12、工造迴轮 ×13、工造机杼 ×12、信用点 ×246400
寒鸦,20级晋阶,工造机杼 ×4、信用点 ×3200
寒鸦,30级晋阶,工造机杼 ×8、信用点 ×6400
寒鸦,40级晋阶,幽府通令 ×2、工造迴轮 ×5、信用点 ×12800
寒鸦,50级晋阶,幽府通令 ×5、工造迴轮 ×8、信用点 ×32000
寒鸦,60级晋阶,幽府通令 ×15、工造浑心 ×5、信用点 ×64000
寒鸦,70级晋阶,幽府通令 ×28、工造浑心 ×7、信用点 ×128000
布洛妮娅,1级属性/晋阶所需材料,暴风之眼 ×65、铁卫扣饰 ×15、铁卫军徽 ×15、铁卫勋章 ×15、信用点 ×308000
布洛妮娅,20级晋阶,铁卫扣饰 ×5、信用点 ×4000
布洛妮娅,30级晋阶,铁卫扣饰 ×10、信用点 ×8000
布洛妮娅,40级晋阶,暴风之眼 ×3、铁卫军徽 ×6、信用点 ×16000
布洛妮娅,50级晋阶,暴风之眼 ×7、铁卫军徽 ×9、信用点 ×40000
布洛妮娅,60级晋阶,暴风之眼 ×20、铁卫勋章 ×6、信用点 ×80000
布洛妮娅,70级晋阶,暴风之眼 ×35、铁卫勋章 ×9、信用点 ×160000
希儿,1级属性/晋阶所需材料,虚幻铸铁 ×65、掠夺的本能 ×15、篡改的野心 ×15、践踏的意志 ×15、信用点 ×308000
希儿,20级晋阶,掠夺的本能 ×5、信用点 ×4000
希儿,30级晋阶,掠夺的本能 ×10、信用点 ×8000
希儿,40级晋阶,虚幻铸铁 ×3、篡改的野心 ×6、信用点 ×16000
希儿,50级晋阶,虚幻铸铁 ×7、篡改的野心 ×9、信用点 ×40000
希儿,60级晋阶,虚幻铸铁 ×20、践踏的意志 ×6、信用点 ×80000
希儿,70级晋阶,虚幻铸铁 ×35、践踏的意志 ×9、信用点 ×160000
希露瓦,1级属性/晋阶所需材料,往日之影的雷冠 ×50、铁卫勋章 ×12、铁卫军徽 ×13、铁卫扣饰 ×12、信用点 ×246400
希露瓦,20级晋阶,铁卫扣饰 ×4、信用点 ×3200
希露瓦,30级晋阶,铁卫扣饰 ×8、信用点 ×6400
希露瓦,40级晋阶,往日之影的雷冠 ×2、铁卫军徽 ×5、信用点 ×12800
希露瓦,50级晋阶,往日之影的雷冠 ×5、铁卫军徽 ×8、信用点 ×32000
希露瓦,60级晋阶,往日之影的雷冠 ×15、铁卫勋章 ×5、信用点 ×64000
希露瓦,70级晋阶,往日之影的雷冠 ×28、铁卫勋章 ×7、信用点 ×128000
开拓者•同谐,1级属性/晋阶所需材料,深邃的星外质 ×28、掠夺的本能 ×12、篡改的野心 ×12、践踏的意志 ×12、信用点 ×246000
开拓者•同谐,20级晋阶,掠夺的本能 ×4、信用点 ×3200
开拓者•同谐,30级晋阶,掠夺的本能 ×8、信用点 ×6400
开拓者•同谐,40级晋阶,篡改的野心 ×5、深邃的星外质 ×4、信用点 ×12800
开拓者•同谐,50级晋阶,篡改的野心 ×8、深邃的星外质 ×6、信用点 ×32000
开拓者•同谐,60级晋阶,践踏的意志 ×5、深邃的星外质 ×8、信用点 ×64000
开拓者•同谐,70级晋阶,践踏的意志 ×7、深邃的星外质 ×10、信用点 ×128000
开拓者•存护,1级属性/晋阶所需材料,深邃的星外质 ×28、掠夺的本能 ×12、篡改的野心 ×13、践踏的意志 ×12、信用点 ×246000
开拓者•存护,20级晋阶,掠夺的本能 ×4、信用点 ×3200
开拓者•存护,30级晋阶,掠夺的本能 ×8、信用点 ×6400
开拓者•存护,40级晋阶,篡改的野心 ×5、深邃的星外质 ×4、信用点 ×12800
开拓者•存护,50级晋阶,篡改的野心 ×8、深邃的星外质 ×6、信用点 ×32000
开拓者•存护,60级晋阶,践踏的意志 ×5、深邃的星外质 ×8、信用点 ×64000
开拓者•存护,70级晋阶,践踏的意志 ×7、深邃的星外质 ×10、信用点 ×128000
开拓者•欢愉,1级属性/晋阶所需材料,掠夺的本能 ×12、篡改的野心 ×13、践踏的意志 ×12、深邃的星外质 ×28、信用点 ×246400
开拓者•欢愉,20级晋阶,掠夺的本能 ×4、信用点 ×3200
开拓者•欢愉,30级晋阶,掠夺的本能 ×8、信用点 ×6400
开拓者•欢愉,40级晋阶,篡改的野心 ×5、深邃的星外质 ×4、信用点 ×12800
开拓者•欢愉,50级晋阶,篡改的野心 ×8、深邃的星外质 ×6、信用点 ×32000
开拓者•欢愉,60级晋阶,践踏的意志 ×5、深邃的星外质 ×8、信用点 ×64000
开拓者•欢愉,70级晋阶,践踏的意志 ×7、深邃的星外质 ×10、信用点 ×128000
开拓者·毁灭,1级属性/晋阶所需材料,深邃的星外质 ×28、掠夺的本能 ×12、篡改的野心 ×13、践踏的意志 ×12、信用点 ×246000
开拓者·毁灭,20级晋阶,掠夺的本能 ×4、信用点 ×3200
开拓者·毁灭,30级晋阶,掠夺的本能 ×8、信用点 ×6400
开拓者·毁灭,40级晋阶,深邃的星外质 ×4、篡改的野心 ×5、信用点 ×12800
开拓者·毁灭,50级晋阶,深邃的星外质 ×6、篡改的野心 ×8、信用点 ×32000
开拓者·毁灭,60级晋阶,深邃的星外质 ×8、践踏的意志 ×5、信用点 ×64000
开拓者·毁灭,70级晋阶,深邃的星外质 ×10、践踏的意志 ×7、信用点 ×128000
开拓者•记忆,1级属性/晋阶所需材料,深邃的星外质 ×28、掠夺的本能 ×12、篡改的野心 ×13、践踏的意志 ×12、信用点 ×246000
开拓者•记忆,20级晋阶,掠夺的本能 ×4、信用点 ×3200
开拓者•记忆,30级晋阶,掠夺的本能 ×8、信用点 ×6400
开拓者•记忆,40级晋阶,篡改的野心 ×5、深邃的星外质 ×4、信用点 ×12800
开拓者•记忆,50级晋阶,篡改的野心 ×8、深邃的星外质 ×6、信用点 ×32000
开拓者•记忆,60级晋阶,践踏的意志 ×5、深邃的星外质 ×8、信用点 ×64000
开拓者•记忆,70级晋阶,践踏的意志 ×7、深邃的星外质 ×10、信用点 ×128000
彦卿,1级属性/晋阶所需材料,苦寒晶壳 ×65、掠夺的本能 ×15、篡改的野心 ×15、践踏的意志 ×15、信用点 ×308000
彦卿,20级晋阶,掠夺的本能 ×5、信用点 ×4000
彦卿,30级晋阶,掠夺的本能 ×10、信用点 ×8000
彦卿,40级晋阶,苦寒晶壳 ×3、篡改的野心 ×6、信用点 ×16000
彦卿,50级晋阶,苦寒晶壳 ×7、篡改的野心 ×9、信用点 ×40000
彦卿,60级晋阶,苦寒晶壳 ×20、践踏的意志 ×6、信用点 ×80000
彦卿,70级晋阶,苦寒晶壳 ×35、践踏的意志 ×9、信用点 ×160000
忘归人,1级属性/晋阶所需材料,过热钢刃 ×65、永寿荣枝 ×15、永寿天华 ×15、永寿幼芽 ×15、信用点 ×308000
忘归人,20级晋阶,永寿幼芽 ×5、信用点 ×4000
忘归人,30级晋阶,永寿幼芽 ×10、信用点 ×8000
忘归人,40级晋阶,过热钢刃 ×3、永寿天华 ×6、信用点 ×16000
忘归人,50级晋阶,过热钢刃 ×7、永寿天华 ×9、信用点 ×40000
忘归人,60级晋阶,过热钢刃 ×20、永寿荣枝 ×6、信用点 ×80000
忘归人,70级晋阶,过热钢刃 ×35、永寿荣枝 ×9、信用点 ×160000
托帕&账账,1级属性/晋阶所需材料,过热钢刃 ×65、铁卫扣饰 ×15、铁卫军徽 ×15、铁卫勋章 ×15、信用点 ×308000
托帕&账账,20级晋阶,铁卫扣饰 ×5、信用点 ×4000
托帕&账账,30级晋阶,铁卫扣饰 ×10、信用点 ×8000
托帕&账账,40级晋阶,过热钢刃 ×3、铁卫军徽 ×6、信用点 ×16000
托帕&账账,50级晋阶,过热钢刃 ×7、铁卫军徽 ×9、信用点 ×40000
托帕&账账,60级晋阶,过热钢刃 ×20、铁卫勋章 ×6、信用点 ×80000
托帕&账账,70级晋阶,过热钢刃 ×35、铁卫勋章 ×9、信用点 ×160000
昔涟,1级属性/晋阶所需材料,海妖残鳍 ×65、荣耀洗礼身躯 ×15、勇气撕裂胸膛 ×15、恐惧踏碎血肉 ×15、信用点 ×308000
昔涟,20级晋阶,恐惧踏碎血肉 ×5、信用点 ×4000
昔涟,30级晋阶,恐惧踏碎血肉 ×10、信用点 ×8000
昔涟,40级晋阶,海妖残鳍 ×3、勇气撕裂胸膛 ×6、信用点 ×16000
昔涟,50级晋阶,海妖残鳍 ×7、勇气撕裂胸膛 ×9、信用点 ×40000
昔涟,60级晋阶,海妖残鳍 ×20、荣耀洗礼身躯 ×6、信用点 ×80000
昔涟,70级晋阶,海妖残鳍 ×35、荣耀洗礼身躯 ×9、信用点 ×160000
星期日,1级属性/晋阶所需材料,一曲合弦的幻景 ×65、思绪末屑 ×15、印象残晶 ×15、欲念碎镜 ×15、信用点 ×308000
星期日,20级晋阶,思绪末屑 ×5、信用点 ×4000
星期日,30级晋阶,思绪末屑 ×10、信用点 ×8000
星期日,40级晋阶,一曲合弦的幻景 ×3、印象残晶 ×6、信用点 ×16000
星期日,50级晋阶,一曲合弦的幻景 ×7、印象残晶 ×9、信用点 ×40000
星期日,60级晋阶,一曲合弦的幻景 ×20、欲念碎镜 ×6、信用点 ×80000
星期日,70级晋阶,一曲合弦的幻景 ×35、欲念碎镜 ×9、信用点 ×160000
景元,1级属性/晋阶所需材料,炼形者雷枝 ×65、永寿幼芽 ×15、永寿天华 ×15、永寿荣枝 ×15、信用点 ×308000
景元,20级晋阶,永寿幼芽 ×5、信用点 ×4000
景元,30级晋阶,永寿幼芽 ×10、信用点 ×8000
景元,40级晋阶,炼形者雷枝 ×3、永寿天华 ×6、信用点 ×16000
景元,50级晋阶,炼形者雷枝 ×7、永寿天华 ×9、信用点 ×40000
景元,60级晋阶,炼形者雷枝 ×20、永寿荣枝 ×6、信用点 ×80000
景元,70级晋阶,炼形者雷枝 ×35、永寿荣枝 ×9、信用点 ×160000
杰帕德,1级属性/晋阶所需材料,风雪之角 ×65、铁卫扣饰 ×15、铁卫军徽 ×15、铁卫勋章 ×15、信用点 ×308000
杰帕德,20级晋阶,铁卫扣饰 ×5、信用点 ×4000
杰帕德,30级晋阶,铁卫扣饰 ×10、信用点 ×8000
杰帕德,40级晋阶,风雪之角 ×3、铁卫军徽 ×6、信用点 ×16000
杰帕德,50级晋阶,风雪之角 ×7、铁卫军徽 ×9、信用点 ×40000
杰帕德,60级晋阶,风雪之角 ×20、铁卫勋章 ×6、信用点 ×80000
杰帕德,70级晋阶,风雪之角 ×35、铁卫勋章 ×9、信用点 ×160000
桂乃芬,1级属性/晋阶所需材料,过热钢刃 ×50、工造浑心 ×12、工造迴轮 ×13、工造机杼 ×12、信用点 ×246400
桂乃芬,20级晋阶,工造机杼 ×4、信用点 ×3200
桂乃芬,30级晋阶,工造机杼 ×8、信用点 ×6400
桂乃芬,40级晋阶,过热钢刃 ×2、工造迴轮 ×5、信用点 ×12800
桂乃芬,50级晋阶,过热钢刃 ×5、工造迴轮 ×8、信用点 ×32000
桂乃芬,60级晋阶,过热钢刃 ×15、工造浑心 ×5、信用点 ×64000
桂乃芬,70级晋阶,过热钢刃 ×28、工造浑心 ×7、信用点 ×128000
桑博,1级属性/晋阶所需材料,暴风之眼 ×50、古代引擎 ×12、古代转轴 ×13、古代零件 ×12、信用点 ×246400
桑博,20级晋阶,古代零件 ×4、信用点 ×3200
桑博,30级晋阶,古代零件 ×8、信用点 ×6400
桑博,40级晋阶,暴风之眼 ×2、古代转轴 ×5、信用点 ×12800
桑博,50级晋阶,暴风之眼 ×5、古代转轴 ×8、信用点 ×32000
桑博,60级晋阶,暴风之眼 ×15、古代引擎 ×5、信用点 ×64000
桑博,70级晋阶,暴风之眼 ×28、古代引擎 ×7、信用点 ×128000
椒丘,1级属性/晋阶所需材料,忿火之心 ×65、永寿幼芽 ×15、永寿天华 ×15、永寿荣枝 ×15、信用点 ×308000
椒丘,20级晋阶,永寿幼芽 ×5、信用点 ×4000
椒丘,30级晋阶,永寿幼芽 ×10、信用点 ×8000
椒丘,40级晋阶,忿火之心 ×3、永寿天华 ×6、信用点 ×16000
椒丘,50级晋阶,忿火之心 ×7、永寿天华 ×9、信用点 ×40000
椒丘,60级晋阶,忿火之心 ×20、永寿荣枝 ×6、信用点 ×80000
椒丘,70级晋阶,忿火之心 ×35、永寿荣枝 ×9、信用点 ×160000
波提欧,1级属性/晋阶所需材料,星际和平工作证 ×65、欲念碎镜 ×15、印象残晶 ×15、思绪末屑 ×15、信用点 ×308000
波提欧,20级晋阶,思绪末屑 ×5、信用点 ×4000
波提欧,30级晋阶,思绪末屑 ×10、信用点 ×8000
波提欧,40级晋阶,星际和平工作证 ×3、印象残晶 ×6、信用点 ×16000
波提欧,50级晋阶,星际和平工作证 ×7、印象残晶 ×9、信用点 ×40000
波提欧,60级晋阶,星际和平工作证 ×20、欲念碎镜 ×6、信用点 ×80000
波提欧,70级晋阶,星际和平工作证 ×35、欲念碎镜 ×9、信用点 ×160000
流萤,1级属性/晋阶所需材料,忿火之心 ×65、思绪末屑 ×15、印象残晶 ×15、欲念碎镜 ×15、信用点 ×308000
流萤,20级晋阶,思绪末屑 ×5、信用点 ×4000
流萤,30级晋阶,思绪末屑 ×10、信用点 ×8000
流萤,40级晋阶,忿火之心 ×3、印象残晶 ×6、信用点 ×16000
流萤,50级晋阶,忿火之心 ×7、印象残晶 ×9、信用点 ×40000
流萤,60级晋阶,忿火之心 ×20、欲念碎镜 ×6、信用点 ×80000
流萤,70级晋阶,忿火之心 ×35、欲念碎镜 ×9、信用点 ×160000
海瑟音,1级属性/晋阶所需材料,侵略凝块 ×65、恐惧踏碎血肉 ×15、勇气撕裂胸膛 ×15、荣耀洗礼身躯 ×15、信用点 ×308000
海瑟音,20级晋阶,恐惧踏碎血肉 ×5、信用点 ×4000
海瑟音,30级晋阶,恐惧踏碎血肉 ×10、信用点 ×8000
海瑟音,40级晋阶,侵略凝块 ×3、荣耀洗礼身躯 ×6、信用点 ×16000
海瑟音,50级晋阶,侵略凝块 ×7、荣耀洗礼身躯 ×9、信用点 ×40000
海瑟音,60级晋阶,侵略凝块 ×20、荣耀洗礼身躯 ×6、信用点 ×80000
海瑟音,70级晋阶,侵略凝块 ×35、荣耀洗礼身躯 ×9、信用点 ×160000
火花,1级属性/晋阶所需材料,明辉日珥 ×65、童真蜡笔 ×15、造梦蘸钢 ×15、梦现管锥 ×15、信用点 ×308000
火花,20级晋阶,童真蜡笔 ×5、信用点 ×4000
火花,30级晋阶,童真蜡笔 ×10、信用点 ×8000
火花,40级晋阶,明辉日珥 ×3、造梦蘸钢 ×6、信用点 ×16000
火花,50级晋阶,明辉日珥 ×7、造梦蘸钢 ×9、信用点 ×40000
火花,60级晋阶,明辉日珥 ×20、梦现管锥 ×6、信用点 ×80000
火花,70级晋阶,明辉日珥 ×35、梦现管锥 ×9、信用点 ×160000
灵砂,1级属性/晋阶所需材料,忿火之心 ×65、永寿幼芽 ×15、永寿天华 ×15、永寿荣枝 ×15、信用点 ×308000
灵砂,20级晋阶,永寿幼芽 ×5、信用点 ×4000
灵砂,30级晋阶,永寿幼芽 ×10、信用点 ×8000
灵砂,40级晋阶,忿火之心 ×3、永寿天华 ×6、信用点 ×16000
灵砂,50级晋阶,忿火之心 ×7、永寿天华 ×9、信用点 ×40000
灵砂,60级晋阶,忿火之心 ×20、永寿荣枝 ×6、信用点 ×80000
灵砂,70级晋阶,忿火之心 ×35、永寿荣枝 ×9、信用点 ×160000
爻光,1级属性/晋阶所需材料,侵略凝块 ×65、童真蜡笔 ×15、造梦蘸钢 ×15、梦现管锥 ×15、信用点 ×308000
爻光,20级晋阶,童真蜡笔 ×5、信用点 ×4000
爻光,30级晋阶,童真蜡笔 ×10、信用点 ×8000
爻光,40级晋阶,侵略凝块 ×3、造梦蘸钢 ×6、信用点 ×16000
爻光,50级晋阶,侵略凝块 ×7、造梦蘸钢 ×9、信用点 ×40000
爻光,60级晋阶,侵略凝块 ×20、梦现管锥 ×6、信用点 ×80000
爻光,70级晋阶,侵略凝块 ×35、梦现管锥 ×9、信用点 ×160000
玲可,1级属性/晋阶所需材料,苍猿之钉 ×50、蠢动原核 ×12、微光原核 ×13、熄灭原核 ×12、信用点 ×246400
玲可,20级晋阶,熄灭原核 ×4、信用点 ×3200
玲可,30级晋阶,熄灭原核 ×8、信用点 ×6400
玲可,40级晋阶,苍猿之钉 ×2、微光原核 ×5、信用点 ×12800
玲可,50级晋阶,苍猿之钉 ×5、微光原核 ×8、信用点 ×32000
玲可,60级晋阶,苍猿之钉 ×15、蠢动原核 ×5、信用点 ×64000
玲可,70级晋阶,苍猿之钉 ×28、蠢动原核 ×7、信用点 ×128000
瓦尔特,1级属性/晋阶所需材料,往日之影的金饰 ×65、铁卫扣饰 ×15、铁卫军徽 ×15、铁卫勋章 ×15、信用点 ×308000
瓦尔特,20级晋阶,铁卫扣饰 ×5、信用点 ×4000
瓦尔特,30级晋阶,铁卫扣饰 ×10、信用点 ×8000
瓦尔特,40级晋阶,铁卫军徽 ×6、往日之影的金饰 ×3
瓦尔特,50级晋阶,铁卫军徽 ×9、往日之影的金饰 ×7、信用点 ×40000
瓦尔特,60级晋阶,铁卫勋章 ×6、往日之影的金饰 ×20、信用点 ×80000
瓦尔特,70级晋阶,铁卫勋章 ×9、往日之影的金饰 ×35、信用点 ×160000
白厄,1级属性/晋阶所需材料,侵略凝块 ×65、哀叹漫无止息 ×15、悲鸣由远及近 ×15、预兆似有若无 ×15、信用点 ×308000
白厄,20级晋阶,预兆似有若无 ×5、信用点 ×4000
白厄,30级晋阶,预兆似有若无 ×10、信用点 ×8000
白厄,40级晋阶,侵略凝块 ×3、悲鸣由远及近 ×6、信用点 ×16000
白厄,50级晋阶,侵略凝块 ×7、悲鸣由远及近 ×9、信用点 ×40000
白厄,60级晋阶,侵略凝块 ×20、哀叹漫无止息 ×6、信用点 ×80000
白厄,70级晋阶,侵略凝块 ×35、哀叹漫无止息 ×9、信用点 ×160000
白露,1级属性/晋阶所需材料,往日之影的雷冠 ×65、蠢动原核 ×15、微光原核 ×15、熄灭原核 ×15、信用点 ×308000
白露,20级晋阶,熄灭原核 ×5、信用点 ×4000
白露,30级晋阶,熄灭原核 ×10、信用点 ×8000
白露,40级晋阶,往日之影的雷冠 ×3、微光原核 ×6、信用点 ×16000
白露,50级晋阶,往日之影的雷冠 ×7、微光原核 ×9、信用点 ×40000
白露,60级晋阶,往日之影的雷冠 ×20、蠢动原核 ×6、信用点 ×80000
白露,70级晋阶,往日之影的雷冠 ×35、蠢动原核 ×9、信用点 ×160000
真珠,1级属性/晋阶所需材料,童真蜡笔 ×15、造梦蘸钢 ×15、梦现管锥 ×15、海妖残鳍 ×65、信用点 ×308000
真珠,20级晋阶,童真蜡笔 ×5、信用点 ×4000
真珠,30级晋阶,童真蜡笔 ×10、信用点 ×8000
真珠,40级晋阶,造梦蘸钢 ×6、海妖残鳍 ×3、信用点 ×16000
真珠,50级晋阶,造梦蘸钢 ×9、海妖残鳍 ×7、信用点 ×40000
真珠,60级晋阶,梦现管锥 ×6、海妖残鳍 ×20、信用点 ×80000
真珠,70级晋阶,梦现管锥 ×9、海妖残鳍 ×35、信用点 ×160000
真理医生,1级属性/晋阶所需材料,镇灵敕符 ×65、掠夺的本能 ×15、篡改的野心 ×15、践踏的意志 ×15、信用点 ×308000
真理医生,20级晋阶,掠夺的本能 ×5、信用点 ×4000
真理医生,30级晋阶,掠夺的本能 ×10、信用点 ×8000
真理医生,40级晋阶,镇灵敕符 ×3、篡改的野心 ×6、信用点 ×16000
真理医生,50级晋阶,镇灵敕符 ×7、篡改的野心 ×9、信用点 ×40000
真理医生,60级晋阶,镇灵敕符 ×20、践踏的意志 ×6、信用点 ×80000
真理医生,70级晋阶,镇灵敕符 ×35、践踏的意志 ×9、信用点 ×160000
知更鸟,1级属性/晋阶所需材料,星际和平工作证 ×65、蓄梦元件 ×15、流梦阀门 ×15、造梦马达 ×15、信用点 ×308000
知更鸟,20级晋阶,蓄梦元件 ×5、信用点 ×4000
知更鸟,30级晋阶,蓄梦元件 ×10、信用点 ×8000
知更鸟,40级晋阶,星际和平工作证 ×3、流梦阀门 ×6、信用点 ×16000
知更鸟,50级晋阶,星际和平工作证 ×7、流梦阀门 ×9、信用点 ×40000
知更鸟,60级晋阶,星际和平工作证 ×20、造梦马达 ×6、信用点 ×80000
知更鸟,70级晋阶,星际和平工作证 ×35、造梦马达 ×9、信用点 ×160000
知更鸟•晴歌,1级属性/晋阶所需材料,暮晖烬蕾 ×65、造梦马达 ×15、流梦阀门 ×15、蓄梦元件 ×15、信用点 ×30800
知更鸟•晴歌,20级晋阶,蓄梦元件 ×5、信用点 ×4000
知更鸟•晴歌,30级晋阶,蓄梦元件 ×10、信用点 ×8000
知更鸟•晴歌,40级晋阶,暮晖烬蕾 ×3、流梦阀门 ×6、信用点 ×16000
知更鸟•晴歌,50级晋阶,暮晖烬蕾 ×7、流梦阀门 ×9、信用点 ×40000
知更鸟•晴歌,60级晋阶,暮晖烬蕾 ×20、造梦马达 ×6、信用点 ×80000
知更鸟•晴歌,70级晋阶,暮晖烬蕾 ×35、造梦马达 ×9、信用点 ×160000
砂金,1级属性/晋阶所需材料,镇灵敕符 ×65、思绪末屑 ×15、印象残晶 ×15、欲念碎镜 ×15、信用点 ×308000
砂金,20级晋阶,思绪末屑 ×5、信用点 ×4000
砂金,30级晋阶,思绪末屑 ×10、信用点 ×8000
砂金,40级晋阶,镇灵敕符 ×3、印象残晶 ×6、信用点 ×16000
砂金,50级晋阶,镇灵敕符 ×7、印象残晶 ×9、信用点 ×40000
砂金,60级晋阶,镇灵敕符 ×20、欲念碎镜 ×6、信用点 ×80000
砂金,70级晋阶,镇灵敕符 ×35、欲念碎镜 ×9、信用点 ×160000
砂金•戏浪,1级属性/晋阶所需材料,嗤笑丑面 ×65、欲念碎镜 ×15、印象残晶 ×15、思绪末屑 ×15、信用点 ×308000
砂金•戏浪,20级晋阶,思绪末屑 ×5、信用点 ×4000
砂金•戏浪,30级晋阶,思绪末屑 ×10、信用点 ×8000
砂金•戏浪,40级晋阶,印象残晶 ×6、嗤笑丑面 ×3、信用点 ×16000
砂金•戏浪,50级晋阶,印象残晶 ×9、嗤笑丑面 ×7、信用点 ×40000
砂金•戏浪,60级晋阶,欲念碎镜 ×6、嗤笑丑面 ×20、信用点 ×80000
砂金•戏浪,70级晋阶,欲念碎镜 ×9、嗤笑丑面 ×35、信用点 ×160000
符玄,1级属性/晋阶所需材料,苍猿之钉 ×65、工造机杼 ×15、工造迴轮 ×15、工造浑心 ×15、信用点 ×308000
符玄,20级晋阶,工造机杼 ×5、信用点 ×4000
符玄,30级晋阶,工造机杼 ×10、信用点 ×8000
符玄,40级晋阶,苍猿之钉 ×3、工造迴轮 ×6、信用点 ×16000
符玄,50级晋阶,苍猿之钉 ×7、工造迴轮 ×9、信用点 ×40000
符玄,60级晋阶,苍猿之钉 ×20、工造浑心 ×6、信用点 ×80000
符玄,70级晋阶,苍猿之钉 ×35、工造浑心 ×6、信用点 ×160000
米沙,1级属性/晋阶所需材料,冷藏梦箱 ×50、造梦马达 ×12、流梦阀门 ×13、蓄梦元件 ×12、信用点 ×246400
米沙,20级晋阶,蓄梦元件 ×4、信用点 ×3200
米沙,30级晋阶,蓄梦元件 ×8、信用点 ×6400
米沙,40级晋阶,冷藏梦箱 ×2、流梦阀门 ×5、信用点 ×12800
米沙,50级晋阶,冷藏梦箱 ×5、流梦阀门 ×8、信用点 ×32000
米沙,60级晋阶,冷藏梦箱 ×15、造梦马达 ×5、信用点 ×64000
米沙,70级晋阶,冷藏梦箱 ×28、造梦马达 ×7、信用点 ×128000
素裳,1级属性/晋阶所需材料,铁狼碎齿 ×50、工造浑心 ×12、工造迴轮 ×13、工造机杼 ×12、信用点 ×246400
素裳,20级晋阶,工造机杼 ×4、信用点 ×3200
素裳,30级晋阶,工造机杼 ×8、信用点 ×6400
素裳,40级晋阶,铁狼碎齿 ×2、工造迴轮 ×5、信用点 ×12800
素裳,50级晋阶,铁狼碎齿 ×5、工造迴轮 ×8、信用点 ×32000
素裳,60级晋阶,铁狼碎齿 ×15、工造浑心 ×5、信用点 ×64000
素裳,70级晋阶,铁狼碎齿 ×28、工造浑心 ×7、信用点 ×128000
绯英,1级属性/晋阶所需材料,信用点 ×308000、童真蜡笔 ×15、造梦蘸钢 ×15、梦现管锥 ×15、侵略凝块 ×65
绯英,20级晋阶,信用点 ×4000、童真蜡笔 ×5
绯英,30级晋阶,信用点 ×8000、童真蜡笔 ×10
绯英,40级晋阶,信用点 ×16000、造梦蘸钢 ×6、侵略凝块 ×3
绯英,50级晋阶,信用点 ×40000、造梦蘸钢 ×9、侵略凝块 ×7
绯英,60级晋阶,信用点 ×80000、梦现管锥 ×6、侵略凝块 ×20
绯英,70级晋阶,信用点 ×160000、梦现管锥 ×9、侵略凝块 ×35
缇宝,1级属性/晋阶所需材料,暗帷月华 ×65、恐惧踏碎血肉 ×15、勇气撕裂胸膛 ×15、荣耀洗礼身躯 ×15、信用点 ×308000
缇宝,20级晋阶,恐惧踏碎血肉 ×5、信用点 ×4000
缇宝,30级晋阶,恐惧踏碎血肉 ×10、信用点 ×8000
缇宝,40级晋阶,暗帷月华 ×3、勇气撕裂胸膛 ×6、信用点 ×16000
缇宝,50级晋阶,暗帷月华 ×7、勇气撕裂胸膛 ×9、信用点 ×40000
缇宝,60级晋阶,暗帷月华 ×20、荣耀洗礼身躯 ×6、信用点 ×80000
缇宝,70级晋阶,暗帷月华 ×35、荣耀洗礼身躯 ×9、信用点 ×160000
罗刹,1级属性/晋阶所需材料,往日之影的金饰 ×65、工造浑心 ×15、工造迴轮 ×15、工造机杼 ×15、信用点 ×308000
罗刹,20级晋阶,工造机杼 ×5、信用点 ×4000
罗刹,30级晋阶,工造机杼 ×10、信用点 ×8000
罗刹,40级晋阶,往日之影的金饰 ×3、工造迴轮 ×6、信用点 ×16000
罗刹,50级晋阶,往日之影的金饰 ×7、工造迴轮 ×9、信用点 ×40000
罗刹,60级晋阶,往日之影的金饰 ×20、工造浑心 ×6、信用点 ×80000
罗刹,70级晋阶,往日之影的金饰 ×35、工造浑心 ×9、信用点 ×160000
翡翠,1级属性/晋阶所需材料,炙梦喷枪 ×65、蓄梦元件 ×15、流梦阀门 ×15、造梦马达 ×15、信用点 ×308000
翡翠,20级晋阶,蓄梦元件 ×5、信用点 ×4000
翡翠,30级晋阶,蓄梦元件 ×10、信用点 ×8000
翡翠,40级晋阶,炙梦喷枪 ×3、流梦阀门 ×6、信用点 ×16000
翡翠,50级晋阶,炙梦喷枪 ×7、流梦阀门 ×9、信用点 ×40000
翡翠,60级晋阶,炙梦喷枪 ×20、造梦马达 ×6、信用点 ×80000
翡翠,70级晋阶,炙梦喷枪 ×35、造梦马达 ×9、信用点 ×160000
艾丝妲,1级属性/晋阶所需材料,恒温晶壳 ×50、铁卫勋章 ×12、铁卫军徽 ×13、铁卫扣饰 ×12、信用点 ×246400
艾丝妲,20级晋阶,铁卫扣饰 ×4、信用点 ×3200
艾丝妲,30级晋阶,铁卫扣饰 ×8、信用点 ×6400
艾丝妲,40级晋阶,恒温晶壳 ×2、铁卫军徽 ×5、信用点 ×12800
艾丝妲,50级晋阶,恒温晶壳 ×5、铁卫军徽 ×8、信用点 ×32000
艾丝妲,60级晋阶,恒温晶壳 ×15、铁卫勋章 ×5、信用点 ×64000
艾丝妲,70级晋阶,恒温晶壳 ×28、铁卫勋章 ×7、信用点 ×128000
花火,1级属性/晋阶所需材料,炙梦喷枪 ×65、思绪末屑 ×15、印象残晶 ×15、欲念碎镜 ×15、信用点 ×3080000
花火,20级晋阶,思绪末屑 ×5、信用点 ×4000
花火,30级晋阶,思绪末屑 ×10、信用点 ×8000
花火,40级晋阶,炙梦喷枪 ×3、印象残晶 ×6、信用点 ×16000
花火,50级晋阶,炙梦喷枪 ×7、印象残晶 ×9、信用点 ×40000
花火,60级晋阶,炙梦喷枪 ×20、欲念碎镜 ×6、信用点 ×80000
花火,70级晋阶,炙梦喷枪 ×35、欲念碎镜 ×9、信用点 ×160000
藿藿,1级属性/晋阶所需材料,天人遗垢 ×65、永寿荣枝 ×15、永寿天华 ×15、永寿幼芽 ×15、信用点 ×308000
藿藿,20级晋阶,永寿幼芽 ×5、信用点 ×4000
藿藿,30级晋阶,永寿幼芽 ×10、信用点 ×8000
藿藿,40级晋阶,天人遗垢 ×3、永寿天华 ×6、信用点 ×16000
藿藿,50级晋阶,天人遗垢 ×7、永寿天华 ×9、信用点 ×40000
藿藿,60级晋阶,天人遗垢 ×20、永寿荣枝 ×6、信用点 ×80000
藿藿,70级晋阶,天人遗垢 ×35、永寿荣枝 ×9、信用点 ×160000
虎克,1级属性/晋阶所需材料,恒温晶壳 ×50、古代引擎 ×12、古代转轴 ×13、古代零件 ×12、信用点 ×246400
虎克,20级晋阶,古代零件 ×4、信用点 ×3200
虎克,30级晋阶,古代零件 ×8、信用点 ×6400
虎克,40级晋阶,恒温晶壳 ×2、古代转轴 ×5、信用点 ×12800
虎克,50级晋阶,恒温晶壳 ×5、古代转轴 ×8、信用点 ×32000
虎克,60级晋阶,恒温晶壳 ×15、古代引擎 ×5、信用点 ×64000
虎克,70级晋阶,恒温晶壳 ×28、古代引擎 ×7、信用点 ×128000
貊泽,1级属性/晋阶所需材料,兽棺之钉 ×50、工造浑心 ×12、工造迴轮 ×13、工造机杼 ×12、信用点 ×246400
貊泽,20级晋阶,工造机杼 ×4、信用点 ×3200
貊泽,30级晋阶,工造机杼 ×8、信用点 ×6400
貊泽,40级晋阶,兽棺之钉 ×2、工造迴轮 ×5、信用点 ×12800
貊泽,50级晋阶,兽棺之钉 ×5、工造迴轮 ×8、信用点 ×32000
貊泽,60级晋阶,兽棺之钉 ×15、工造浑心 ×5、信用点 ×64000
貊泽,70级晋阶,兽棺之钉 ×28、工造浑心 ×7、信用点 ×128000
赛飞儿,1级属性/晋阶所需材料,暗帷月华 ×65、哀叹漫无止息 ×15、悲鸣由远及近 ×15、预兆似有若无 ×15、信用点 ×308000
赛飞儿,20级晋阶,预兆似有若无 ×5、信用点 ×4000
赛飞儿,30级晋阶,预兆似有若无 ×10、信用点 ×8000
赛飞儿,40级晋阶,暗帷月华 ×3、悲鸣由远及近 ×6、信用点 ×16000
赛飞儿,50级晋阶,暗帷月华 ×7、悲鸣由远及近 ×9、信用点 ×40000
赛飞儿,60级晋阶,暗帷月华 ×20、哀叹漫无止息 ×6、信用点 ×80000
赛飞儿,70级晋阶,暗帷月华 ×35、哀叹漫无止息 ×9、信用点 ×160000
远坂凛,1级属性/晋阶所需材料,掠夺的本能 ×15、篡改的野心 ×15、践踏的意志 ×15、嗤笑丑面 ×65、信用点 ×308000
远坂凛,20级晋阶,掠夺的本能 ×5、信用点 ×4000
远坂凛,30级晋阶,掠夺的本能 ×10、信用点 ×8000
远坂凛,40级晋阶,篡改的野心 ×6、嗤笑丑面 ×3、信用点 ×16000
远坂凛,50级晋阶,篡改的野心 ×9、嗤笑丑面 ×7、信用点 ×40000
远坂凛,60级晋阶,践踏的意志 ×6、嗤笑丑面 ×20、信用点 ×80000
远坂凛,70级晋阶,践踏的意志 ×9、嗤笑丑面 ×35、信用点 ×160000
遐蝶,1级属性/晋阶所需材料,暗帷月华 ×65、预兆似有若无 ×15、悲鸣由远及近 ×15、哀叹漫无止息 ×15、信用点 ×308000
遐蝶,20级晋阶,预兆似有若无 ×5、信用点 ×4000
遐蝶,30级晋阶,预兆似有若无 ×10、信用点 ×8000
遐蝶,40级晋阶,暗帷月华 ×3、悲鸣由远及近 ×6、信用点 ×16000
遐蝶,50级晋阶,暗帷月华 ×7、悲鸣由远及近 ×7、信用点 ×40000
遐蝶,60级晋阶,暗帷月华 ×20、哀叹漫无止息 ×6、信用点 ×80000
遐蝶,70级晋阶,暗帷月华 ×35、哀叹漫无止息 ×9、信用点 ×160000
那刻夏,1级属性/晋阶所需材料,一杯酩酊的时代 ×65、哀叹漫无止息 ×15、悲鸣由远及近 ×15、预兆似有若无 ×15、信用点 ×308000
那刻夏,20级晋阶,预兆似有若无 ×5、信用点 ×4000
那刻夏,30级晋阶,预兆似有若无 ×10、信用点 ×8000
那刻夏,40级晋阶,一杯酩酊的时代 ×3、悲鸣由远及近 ×6、信用点 ×16000
那刻夏,50级晋阶,一杯酩酊的时代 ×7、悲鸣由远及近 ×9、信用点 ×40000
那刻夏,60级晋阶,一杯酩酊的时代 ×20、哀叹漫无止息 ×6、信用点 ×80000
那刻夏,70级晋阶,一杯酩酊的时代 ×35、哀叹漫无止息 ×9、信用点 ×160000
银枝,1级属性/晋阶所需材料,幽府通令 ×65、熄灭原核 ×15、微光原核 ×15、蠢动原核 ×15、信用点 ×308000
银枝,20级晋阶,熄灭原核 ×5、信用点 ×4000
银枝,30级晋阶,熄灭原核 ×10、信用点 ×8000
银枝,40级晋阶,幽府通令 ×3、微光原核 ×6、信用点 ×16000
银枝,50级晋阶,幽府通令 ×7、微光原核 ×9、信用点 ×40000
银枝,60级晋阶,幽府通令 ×20、蠢动原核 ×6、信用点 ×80000
银枝,70级晋阶,幽府通令 ×35、蠢动原核 ×9、信用点 ×160000
银狼,1级属性/晋阶所需材料,虚幻铸铁 ×65、古代零件 ×15、古代转轴 ×15、古代引擎 ×15、信用点 ×308000
银狼,20级晋阶,古代零件 ×5、信用点 ×4000
银狼,30级晋阶,古代零件 ×10、信用点 ×8000
银狼,40级晋阶,古代转轴 ×6、虚幻铸铁 ×3、信用点 ×16000
银狼,50级晋阶,古代转轴 ×9、虚幻铸铁 ×7、信用点 ×40000
银狼,60级晋阶,古代引擎 ×6、虚幻铸铁 ×20、信用点 ×80000
银狼,70级晋阶,古代引擎 ×9、虚幻铸铁 ×35、信用点 ×160000
银狼LV.999,1级属性/晋阶所需材料,信用点 ×308000、童真蜡笔 ×15、造梦蘸钢 ×15、梦现管锥 ×15、纷争先兆 ×65
银狼LV.999,20级晋阶,信用点 ×4000、童真蜡笔 ×5
银狼LV.999,30级晋阶,信用点 ×8000、童真蜡笔 ×10
银狼LV.999,40级晋阶,信用点 ×16000、造梦蘸钢 ×6、纷争先兆 ×3
银狼LV.999,50级晋阶,信用点 ×40000、造梦蘸钢 ×9、纷争先兆 ×7
银狼LV.999,60级晋阶,信用点 ×80000、梦现管锥 ×6、纷争先兆 ×20
银狼LV.999,70级晋阶,信用点 ×160000、梦现管锥 ×9、纷争先兆 ×35
镜流,1级属性/晋阶所需材料,苦寒晶壳 ×65、永寿幼芽 ×15、永寿天华 ×15、永寿荣枝 ×15、信用点 ×308000
镜流,20级晋阶,永寿幼芽 ×5、信用点 ×4000
镜流,30级晋阶,永寿幼芽 ×10、信用点 ×8000
镜流,40级晋阶,永寿天华 ×6、苦寒晶壳 ×3、信用点 ×16000
镜流,50级晋阶,永寿天华 ×9、苦寒晶壳 ×7、信用点 ×40000
镜流,60级晋阶,永寿荣枝 ×6、苦寒晶壳 ×20、信用点 ×80000
镜流,70级晋阶,永寿荣枝 ×9、苦寒晶壳 ×35、信用点 ×160000
长夜月,1级属性/晋阶所需材料,海妖残鳍 ×65、预兆似有若无 ×23、悲鸣由远及近 ×23、哀叹漫无止息 ×43、信用点 ×1666600
长夜月,20级晋阶,预兆似有若无 ×5、信用点 ×4000
长夜月,30级晋阶,预兆似有若无 ×10、信用点 ×8000
长夜月,40级晋阶,海妖残鳍 ×3、悲鸣由远及近 ×6、信用点 ×16000
长夜月,50级晋阶,海妖残鳍 ×7、悲鸣由远及近 ×9、信用点 ×400000
长夜月,60级晋阶,海妖残鳍 ×20、哀叹漫无止息 ×6、信用点 ×800000
长夜月,70级晋阶,哀叹漫无止息 ×9、信用点 ×1600000、海妖残鳍 ×35
阮•梅,1级属性/晋阶所需材料,苦寒晶壳 ×65、永寿幼芽 ×15、永寿天华 ×15、永寿荣枝 ×15、信用点 ×308000
阮•梅,20级晋阶,永寿幼芽 ×5、信用点 ×4000
阮•梅,30级晋阶,永寿幼芽 ×10、信用点 ×8000
阮•梅,40级晋阶,苦寒晶壳 ×3、永寿天华 ×6、信用点 ×16000
阮•梅,50级晋阶,苦寒晶壳 ×7、永寿天华 ×9、信用点 ×40000
阮•梅,60级晋阶,苦寒晶壳 ×20、永寿荣枝 ×6、信用点 ×80000
阮•梅,70级晋阶,苦寒晶壳 ×35、永寿荣枝 ×9、信用点 ×160000
阿兰,1级属性/晋阶所需材料,往日之影的雷冠 ×50、蠢动原核 ×12、微光原核 ×13、熄灭原核 ×12、信用点 ×246400
阿兰,20级晋阶,熄灭原核 ×4、信用点 ×3200
阿兰,30级晋阶,熄灭原核 ×8、信用点 ×6400
阿兰,40级晋阶,往日之影的雷冠 ×2、微光原核 ×5、信用点 ×12800
阿兰,50级晋阶,往日之影的雷冠 ×5、微光原核 ×8、信用点 ×32000
阿兰,60级晋阶,往日之影的雷冠 ×15、蠢动原核 ×5、信用点 ×64000
阿兰,70级晋阶,往日之影的雷冠 ×28、蠢动原核 ×7、信用点 ×128000
阿格莱雅,1级属性/晋阶所需材料,兽棺之钉 ×65、恐惧踏碎血肉 ×15、勇气撕裂胸膛 ×15、荣耀洗礼身躯 ×15、信用点 ×308000
阿格莱雅,20级晋阶,恐惧踏碎血肉 ×5、信用点 ×4000
阿格莱雅,30级晋阶,恐惧踏碎血肉 ×10、信用点 ×8000
阿格莱雅,40级晋阶,兽棺之钉 ×3、勇气撕裂胸膛 ×6、信用点 ×16000
阿格莱雅,50级晋阶,兽棺之钉 ×7、勇气撕裂胸膛 ×9、信用点 ×40000
阿格莱雅,60级晋阶,兽棺之钉 ×20、荣耀洗礼身躯 ×6、信用点 ×80000
阿格莱雅,70级晋阶,兽棺之钉 ×35、荣耀洗礼身躯 ×9、信用点 ×160000
雪衣,1级属性/晋阶所需材料,苍猿之钉 ×50、熄灭原核 ×12、微光原核 ×13、蠢动原核 ×13、信用点 ×246400
雪衣,20级晋阶,熄灭原核 ×4、信用点 ×3200
雪衣,30级晋阶,熄灭原核 ×8、信用点 ×6400
雪衣,40级晋阶,苍猿之钉 ×2、微光原核 ×5、信用点 ×12800
雪衣,50级晋阶,苍猿之钉 ×5、微光原核 ×8、信用点 ×32000
雪衣,60级晋阶,苍猿之钉 ×15、蠢动原核 ×5、信用点 ×64000
雪衣,70级晋阶,苍猿之钉 ×28、蠢动原核 ×7、信用点 ×128000
青雀,1级属性/晋阶所需材料,虚幻铸铁 ×50、践踏的意志 ×12、篡改的野心 ×13、掠夺的本能 ×12、信用点 ×246400
青雀,20级晋阶,掠夺的本能 ×4、信用点 ×3200
青雀,30级晋阶,掠夺的本能 ×8、信用点 ×6400
青雀,40级晋阶,虚幻铸铁 ×2、篡改的野心 ×5、信用点 ×16000
青雀,50级晋阶,虚幻铸铁 ×5、篡改的野心 ×8、信用点 ×32000
青雀,60级晋阶,虚幻铸铁 ×15、践踏的意志 ×5、信用点 ×64000
青雀,70级晋阶,虚幻铸铁 ×28、践踏的意志 ×7、信用点 ×128000
风堇,1级属性/晋阶所需材料,一杯酩酊的时代 ×65、恐惧踏碎血肉 ×15、勇气撕裂胸膛 ×15、荣耀洗礼身躯 ×15、信用点 ×308000
风堇,20级晋阶,恐惧踏碎血肉 ×5、信用点 ×4000
风堇,30级晋阶,恐惧踏碎血肉 ×10、信用点 ×8000
风堇,40级晋阶,一杯酩酊的时代 ×3、勇气撕裂胸膛 ×6、信用点 ×16000
风堇,50级晋阶,一杯酩酊的时代 ×7、勇气撕裂胸膛 ×7、信用点 ×40000
风堇,60级晋阶,一杯酩酊的时代 ×20、荣耀洗礼身躯 ×6、信用点 ×80000
风堇,70级晋阶,一杯酩酊的时代 ×35、荣耀洗礼身躯 ×9、信用点 ×160000
飞霄,1级属性/晋阶所需材料,一杯酩酊的时代 ×65、工造机杼 ×15、工造迴轮 ×15、工造浑心 ×15、信用点 ×308000
飞霄,20级晋阶,工造机杼 ×5、信用点 ×4000
飞霄,30级晋阶,工造机杼 ×10、信用点 ×8000
飞霄,40级晋阶,一杯酩酊的时代 ×3、工造迴轮 ×6、信用点 ×16000
飞霄,50级晋阶,一杯酩酊的时代 ×7、工造迴轮 ×9、信用点 ×40000
飞霄,60级晋阶,一杯酩酊的时代 ×20、工造浑心 ×6、信用点 ×80000
飞霄,70级晋阶,一杯酩酊的时代 ×35、工造浑心 ×9、信用点 ×160000
驭空,1级属性/晋阶所需材料,往日之影的金饰 ×50、工造浑心 ×12、工造迴轮 ×13、工造机杼 ×12、信用点 ×246400
驭空,20级晋阶,工造机杼 ×4、信用点 ×3200
驭空,30级晋阶,工造机杼 ×8、信用点 ×6400
驭空,40级晋阶,往日之影的金饰 ×2、工造迴轮 ×5、信用点 ×12800
驭空,50级晋阶,往日之影的金饰 ×5、工造迴轮 ×8、信用点 ×32000
驭空,60级晋阶,往日之影的金饰 ×15、工造浑心 ×5、信用点 ×64000
驭空,70级晋阶,往日之影的金饰 ×28、工造浑心 ×7、信用点 ×128000
黄泉,1级属性/晋阶所需材料,炼形者雷枝 ×65、蓄梦元件 ×15、流梦阀门 ×16、造梦马达 ×15、信用点 ×308000
黄泉,20级晋阶,蓄梦元件 ×5、信用点 ×4000
黄泉,30级晋阶,蓄梦元件 ×10、信用点 ×8000
黄泉,40级晋阶,炼形者雷枝 ×3、流梦阀门 ×6、信用点 ×16000
黄泉,50级晋阶,炼形者雷枝 ×7、流梦阀门 ×9、信用点 ×40000
黄泉,60级晋阶,炼形者雷枝 ×20、造梦马达 ×6、信用点 ×80000
黄泉,70级晋阶,炼形者雷枝 ×35、造梦马达 ×9、信用点 ×160000
黑塔,1级属性/晋阶所需材料,风雪之角 ×50、熄灭原核 ×12、微光原核 ×13、蠢动原核 ×12、信用点 ×246400
黑塔,20级晋阶,熄灭原核 ×4、信用点 ×3200
黑塔,30级晋阶,熄灭原核 ×8、信用点 ×6400
黑塔,40级晋阶,微光原核 ×5、风雪之角 ×2、信用点 ×12800
黑塔,50级晋阶,微光原核 ×8、风雪之角 ×5、信用点 ×32000
黑塔,60级晋阶,蠢动原核 ×5、风雪之角 ×15、信用点 ×64000
黑塔,70级晋阶,蠢动原核 ×7、风雪之角 ×28、信用点 ×128000
黑天鹅,1级属性/晋阶所需材料,天人遗垢 ×65、熄灭原核 ×15、微光原核 ×15、蠢动原核 ×15、信用点 ×308000
黑天鹅,20级晋阶,熄灭原核 ×5、信用点 ×4000
黑天鹅,30级晋阶,熄灭原核 ×10、信用点 ×8000
黑天鹅,40级晋阶,天人遗垢 ×3、微光原核 ×6、信用点 ×16000
黑天鹅,50级晋阶,天人遗垢 ×7、微光原核 ×9、信用点 ×40000
黑天鹅,60级晋阶,天人遗垢 ×20、蠢动原核 ×6、信用点 ×80000
黑天鹅,70级晋阶,天人遗垢 ×35、蠢动原核 ×9、信用点 ×160000
