角色名,星级,属性,命途,阵营,实装日期,神权,角色定位,个人简介
Archer,五星,量子,巡猎,异界,2025/07/11,,可以在同一回合内，连续施放战技的输出型角色,「初次见面，叫我Archer就好。幸好你我并不是需要相互厮杀的关系，那就尽可能友好相处吧。」 绝望轮番上演于过去与未来之间，无数理想曾在红色圣骸布之间燃尽。但，请别被这一抹灰烬欺骗—— 若是有人假借理想之名营造虚幻的美梦，他必将再度燃烧，与世间的伪善战斗到底。 无论身在何处，他始终是正义的伙伴。
Saber,五星,风,毁灭,异界,2025/07/11,,终结技对敌方全体造成大量输出的角色,「你就是我的御主吗？我的剑将由你差遣。我会全力以赴，为你带来胜利。」 孤独的英灵走过命运的长夜， 圆桌的旗帜仍在梦中舒展。卡美洛的骑士之王，此时尚未抵达理想乡。 仍是少女的她于这场特殊的「圣杯战争」中应召前来，当再度面临石中剑的抉择，她将如何突破过往的幻境？ ——「我未实现的愿望，也将在此作结。」
万敌,五星,虚数,毁灭,悬锋城,2025-03-19,「天谴之矛，尼卡多利」,消耗生命获得强化的输出型角色,"那沉入迷雾的悬锋，纷乱与战争之城！它的王室流着弑亲的血脉，它的神明以灾厄为名。
不死的迈德漠斯，离群的狮子，逐猎「纷争」火种的黄金裔。你要忍受万死，浴血还乡，孤身背负疯狂的宿命
——弑王成王，弑神登神。征战的铁蹄踏遍荒野，终归要沾上故乡的血。"
三月七,四星,冰,存护,星穹列车,2023/04/26,,能够提供单体护盾，解除负面效果的防御型角色,"精灵古怪的少女，自认热衷于这个年纪的女孩子「应当热衷」的所有事，比如照相。
从一块漂流的恒冰中苏醒，却发现自己对身世与过往都一无所知。短暂的消沉之后，她决定以重获新生的日期为自己命名。
这一天，三月七「诞生」了。"
不死途,五星,雷,巡猎,巡海游侠,2026/3/25,,是一名能标记敌方单体为【饲饵】并进行高频追加攻击的输出型角色,"「在下是『不死神探事务所』的名侦探不死途，这是事务所的名片。我接取各类委托，不管是寻找走失狗猫，冒充家长参会，或者抓捕星际通缉犯，追查星神的下落——你想委托什么？」
随缘营业，硬核推理，全凭直觉却屡破奇案。
猴子当助手，一心盼退休，侦探睡在冰箱，只为等愿者上钩。
幻月下，恶兽长嗥，他的追猎游戏会如何收网？
==========
阿哈！特别庆祝不死途获得：
✧「传奇死神体质」第1名 ✧
✧「我雇的侦探果然有问题」第1名 ✧"
丹恒,四星,风,巡猎,星穹列车,2023/04/26,,通过大招以及天赋风穿透打出单体伤害的主C角色,"清冷寡言的少年，持有名为「击云」的长枪，于列车漫长的开拓之旅中担任护卫。
丹恒对自己的过往始终讳莫如深，他与列车同行正是为了摆脱自己曾亲手造就的一切。
然而，列车真的会带着他远离「过去」么？"
丹恒•腾荒,五星,物理,存护,天外,2025-10-15,「磐岩之脊，吉奥里亚」,能为我方单体召唤【龙灵】的防御型角色,"吉奥里亚的胸膛，伏龙的身躯支撑破碎的大地，忍耐千年苦痛。
无名客丹恒，捍卫「大地」火种的黄金裔，扶八荒之将倾，将地上生灵送往远方的天地
——百川归海，群山合鸣，不朽的道途将绵延万里。"
丹恒•饮月,五星,虚数,毁灭,仙舟「罗浮」,2023/08/30,,可施放多种强化技能的输出型角色,"丹恒接纳了上一世「饮月君」所遗存的力量，所展露的持明族本相。
既然接受了额顶的峥嵘角冠，便也要接受那人所负的一切功过。
但从始至终，他都不是他。"
乱破,五星,虚数,智识,巡海游侠,2024/10/23,,乱破是一名擅长群体击破的输出型角色,如丑时三刻的闪光弹一般现身在匹诺康尼，以忍者自居，将世间一切归因于「忍法」的奇妙少女。贯彻吟诵忍•真言、绘制缭乱•忍符、修习忍•法帖的「忍•道」——即说唱，涂鸦，漫画——苦炼自身意志，驰骋星间行侠仗义。身为「巡海游侠」的一员，始终追猎着名为「御猿•邪忍」的恶党，直至银河尽头。
云璃,五星,物理,毁灭,仙舟「朱明」,2024/07/31,,可自动进行扩散反击的输出型角色,"仙舟「朱明」的猎剑士，备受「烛渊将军」怀炎宠爱的孙女，性格直率。
从小跟随怀炎学习剑艺与锻艺，乃「焰轮八叶」中次年幼的天才剑士。
对朱明流出的魔剑深恶痛绝，立誓要「搜猎魔剑，尽数断绝」。"
仙舟三月七,四星,虚数,巡猎,星穹列车,2024/07/31,,通过向队友拜师获得强化的输出型角色,"换上仙舟服饰的三月七，执剑的武侠少女。
向云璃与彦卿拜师学艺，为在仙舟留下更多美好的「回忆」而跃跃欲试。"
佩拉,四星,冰,虚无,贝洛伯格,2023/04/26,,具有一定输出能力，能够解除敌方单体增益、降低敌方全体防御力的辅助型角色。,行事周密的银鬃铁卫情报官，年纪不大但头脑出众。无论是部队调动、物资分配还是地形状况，佩拉都能冷静地即问即答，毫无错漏。至于佩拉的手机壳…「这与工作无关，长官。」
停云,四星,雷,同谐,仙舟「罗浮」,2023/04/26,,可为我方指定角色恢复能量并使其伤害提高的辅助型角色,"八面玲珑的狐人少女，天舶司商团「鸣火」的首席代表。
停云天生生得一副慧心妙舌，但凡她开口，人们就免不了想听她多说几句。在她的调度下，仙舟的贸易庆典逐渐声名远扬。
能不战斗就尽量不去战斗，能劝为己用就尽量劝为己用——这便是停云的原则。"
克拉拉,五星,物理,毁灭,贝洛伯格,2023/04/26,,通过受击反击的输出方式来对敌方释放高额伤害。,被机器人养大的女孩，有着超越年龄的通透和坚持。对克拉拉而言，史瓦罗理性的计算是世界法则，绝不会出错。直到发现「计算」得到的结果，并不一定能带给大家幸福。怯生生的女孩决定勇敢起来。
刃,五星,风,毁灭,星核猎手,2023/07/19,,消耗生命获得强化的输出型角色,"弃身锋刃的剑客，原名不详。
效忠于「命运的奴隶」，拥有可怖的自愈能力。
手持古剑作战，剑身遍布破碎裂痕，正如其身，亦如其心。"
刻律德菈,五星,风,同谐,奥赫玛,2025-09-03,「公正之秤，塔兰顿」,可以使队友连续施放两次战技的辅助型角色,"北境帝国，失落的王朝，寒冷的疆土燃烧着征伐的野心。
君主刻律德菈，执握「律法」火种的黄金裔，布局设子，与神相弈，审判异心的罪囚，为此世奠定逐火的基业
——「这绝非终点，翁法罗斯的征途，当是银河群星！」"
加拉赫,四星,火,丰饶,匹诺康尼,2024/03/27,,兼具进攻能力的回复型角色。其终结技可攻击全体敌方目标，并使其陷入【酩酊】状态，同时强化加拉赫下一次普攻。我方攻击陷入【酩酊】状态的敌方目标后，回复攻击者生命值。,匹诺康尼猎犬家系的治安官，也是一位不修边幅、懒散随性的调饮师。着装颇为散漫，调饮更是随意，对来访宾客以礼相待，但保有戒心。似乎有着诸多往事，却从不主动提及。
千冶•刃,五星,火,虚无,星核猎手,2026/06/01,,通过展开特殊结界获得强化和全新技能的输出型角色,"身如春木，心若死灰，指尖仍留工匠的火星。
累世宿怨再度点燃，他许诺将自己与神明一同送往彼岸——
支离此身，千冶成刃…会铸就何种答案？"
卡芙卡,五星,雷,虚无,星核猎手,2023/08/09,,使敌方陷入触电状态并引爆持续伤害的输出型角色,"在星际和平公司的通缉档案里，卡芙卡只留下了名字和「爱好收集大衣」的记录。人们对这位星核猎手所知甚少，只知道她是「命运的奴隶」艾利欧最信任的成员之一。
为了到达艾利欧预见的「未来」，卡芙卡开始行动。"
卢卡,四星,物理,虚无,贝洛伯格,2023/08/09,,通过持续伤害、引爆裂伤为辅助机制的副C角色,"乐观阳光、不拘小节的机械臂自由格斗家，「地火」成员之一。
从拳台到战场，从拳击手到战士，卢卡用这份力量去守护下层区的人们。
正因为自己曾经体会过绝望，所以他更渴望将希望带给其他人。"
吉尔伽美什,五星,雷,毁灭,异界,2026/07/24,,是一名由自身【兴致】驱动、通过终结技爆发的输出型角色,"在宇宙之外的某个世界中，人类历史最初的英雄王。
三分之二是神、三分之一是人的他，理所当然地拥有支配一切的特权（自称）。
今天也一如既往地放声大笑着，直到被某个世仇女神牵连进异界——
这一次，他将再次夺回身为王的一切。"
大丽花,五星,火,虚无,焚化工,2025/12/17,,是一名能使我方在未击破敌方时也能造成超击破伤害的辅助型角色,"美梦燃烧了永火官邸，也带走关于「她」的点滴。
「毁灭」、「记忆」…背叛的花朵盛放在所经之地——
重返无人知晓的梦境，将她再度点燃的会是何方？"
大黑塔,五星,冰,智识,空间站「黑塔」,2025/01/15,,通过强化战技输出的对群输出型角色,"天才俱乐部#83黑塔本尊，深居银河边境的时钟塔内，探寻宇宙终极奥秘的「魔法使」。
因返老还童，外貌永葆全盛时期的少女青春。厌恶闲人琐事，杂事通常交由人偶完成。"
姬子,五星,火,智识,星穹列车,2023/04/26,,通过击破敌方弱点累积充能释发动追击的输出型角色,"充满冒险精神的科学家，少女时代在故乡遭遇了搁浅的星穹列车。
若干年后，当姬子终于修复列车驶入群星时，她意识到这只是个开始。在「开拓」新世界的道路上，需要更多的同伴——
即使同行的人们面朝不同的方向，他们仍处于同一片星空下。"
姬子•启行,五星,火,智识,星穹列车,2026/07/15,,是一名可操控机甲并提供支援攻击的输出型角色,"「无论拥有怎样复杂的过去，无论去往多么遥远的未来，我们之间的关系也不会改变。我是星穹列车的领航员，姬子，永远与你眺望同一风景的家人。」
有人并肩，有人守望，「开拓」从不是孤帆远航。
她画下拓星的奇迹，银轨绵延，无名客们再次起航，照亮星河的长夜——终点处，她再度回望，启行的梦从未搁浅。
==========
阿哈！特别庆祝姬子•启行获得：
✧「星穹列车咖啡主理人」第1名 ✧
✧「但我的机器人在你之上」第1名 ✧"
娜塔莎,四星,物理,丰饶,贝洛伯格,2023/4/26,,可以提供持续治疗并解除负面效果的辅助角色,"做事严谨的医生，总带着难以捉摸的微笑。
在医疗资源匮乏的下层区，娜塔莎作为为数不多的医生照料着地下的男女老幼。
即使是最调皮的虎克，见了她也要乖乖喊一声「娜塔莎姐姐」。"
寒鸦,四星,物理,同谐,仙舟「罗浮」,2023/12/06,,能够恢复战技点、提高指定目标速度和攻击力的辅助角色,"仙舟「罗浮」的十王司判官之一，负责拘、锁、刑、问的四判官中的「问」。
专司读取犯人的因果罪愆，而后以「冥谶天笔」书写业报判罚。
由于整日使用梦占形式工作，承受着巨量魔阴身因果信息的冲刷，早已对世间万事感到索然无味。
只有与同为判官的姐姐雪衣行动时，才会流露片刻的真心。"
布洛妮娅,五星,风,同谐,贝洛伯格,2023/04/26,,使我方目标立即行动并提供全队增益的角色,"贝洛伯格「大守护者」继承人，年轻干练的银鬃铁卫统领。
布洛妮娅从小接受着严格的教育，具备一名「继承人」所需的优雅举止与亲和力。
但在看到下层区的恶劣环境后，未来的最高决策者逐渐生出了疑惑…「我所受的训练，真的能带领人民过上他们想要的生活么？」"
希儿,五星,量子,巡猎,贝洛伯格,2023/04/26,,通过击杀目标触发【再现】，多次行动的量子属性角色,"飒爽俊逸的「地火」成员，成长于地底危险混乱的环境，习惯独来独往。
保护与被保护，压迫与被压迫，世界向希儿展示的始终是非黑即白的那一面——
直至「那名少女」的出现。"
希露瓦,四星,雷,智识,贝洛伯格,2023/04/26,,能够产点的、可以打dot队对群输出角色,"自由叛逆的朗道家长女，曾是可可利亚的挚友，如今是兴趣使然的机械师。
在永冬的贝洛伯格经营着名为「永动」的机械屋，时不时停业举办摇滚露天演出。
如果有人过问机械屋怎么赚钱…「这是兴趣，亲爱的，我不缺钱。」"
开拓者•同谐,五星,虚数,同谐,星穹列车,2024/05/08,,能够使我方对弱点击破状态下的敌人额外造成多次超击破伤害的辅助型角色。终结技期间，我方削减的韧性值越高，超击破伤害越高。当敌方弱点被击破时，开拓者（同谐•虚数）立即恢复一定能量。,为了消除星核带来的危机，少年开拓者选择与星穹列车同行。
开拓者•存护,五星,火,存护,星穹列车,2023/04/26,,火属性的防御型角色，其战技可对敌方全体施加嘲讽、吸引敌方火力，具备较强的承伤能力，可为我方角色提供更多的输出机会。,为了消除星核带来的危机，少女/少年开拓者选择与星穹列车同行。
开拓者•欢愉,五星,雷,欢愉,星穹列车,2026/4/22,,是一名能使队友立即施放欢愉技的辅助型角色,"登上星穹列车的少年。
为了消除星核带来的危机，选择与星穹列车同行。"
开拓者·毁灭,五星,物理,毁灭,星穹列车,2023/04/26,,通过终结技强化普攻和战技形态具备生命值回复的能力,为了消除星核带来的危机，少年开拓者选择与星穹列车同行。
开拓者•记忆,五星,冰,记忆,星穹列车,2025/01/15,,召唤忆灵「迷迷」并提供真实伤害的辅助型角色,「旅行。喜欢！和你，一起？」 向着未知启航的开拓者，与新的伙伴「迷迷」一同，书写下翁法罗斯的旅途见闻——而「记忆」也将生生不息，铺就远行的旅路，记录壮丽的诗篇。 为了消除星核带来的危机，少女开拓者选择与星穹列车同行。
彦卿,五星,冰,巡猎,仙舟联盟,2023/04/26,,能降低受击概率并增加自身造成伤害的输出型角色,"意气飞扬的云骑骁卫，仙舟「罗浮」最强剑士。
为剑生亦为剑痴，当彦卿手中握剑时，无人敢小看这位尚在总角之年的天才。
或许能让手中宝剑微微收敛锋芒的，只有时间。"
忘归人,五星,火,虚无,仙舟「罗浮」,2024/12/25,,使我方全体更频繁地触发击破以及超击破伤害的辅助型角色,"原为天舶司「鸣火」商团的首席代表，因一场离奇的灾难，几乎殒命于返航的途中。
样貌、名字、身份皆被始作俑者侵占，幸得命运留下的一线生机，自「毁灭」的余波重获新生。
如今她以「忘归人」自称，无人知晓那是未能返乡的怅然，抑或流连星海的期许，但能确定的是，她已拾起自我，再次启程。"
托帕&账账,五星,火,巡猎,星际和平公司,2023/10/27,,托帕与工作搭档「账账」一同行动。战斗中，账账将自动攻击敌人，托帕则可以强化账账的输出能力。探索时，账账将和托帕一起行动，账账可发现未获取的战利品。,星际和平公司旗下「战略投资部」高级干部托帕，领导特殊债务纠察小组。年纪轻轻便已成为「石心十人」之一，基石为「催讨黄玉」。搭档次元扑满「账账」则能敏锐感知财富所在，即便是安保、催债、精算等工作也不在话下。如今他们正一同巡行银河，追究各类影响公司业务开展的债务纠纷。
昔涟,五星,冰,记忆,哀丽秘榭，？,2025-11-05,……？,是一名能召唤忆灵「德谬歌」协助战斗的辅助型角色,"流星划过夜空，生命的长河荡起涟漪，闪烁十三种光彩。
哀丽秘榭的女儿，哺育「真我」的黄金裔，栽下记忆的种子，让往昔的花朵在明日绽放——
「然后，一起写下不同以往的诗篇吧♪」"
星期日,五星,虚数,同谐,星穹列车,2024/12/04,,使我方角色及其召唤物立即行动的辅助型角色,"「秩序」的美梦已然消散，但仍有人不会放下初愿。
——折翼坠地的旅人，他的脚步将迈向何方？"
景元,五星,雷,智识,仙舟「罗浮」,2023/05/17,,景元召唤「神君」协同作战,位列帝弓七天将之一的「神策将军」，外表懒散、心思缜密。不以危局中力挽狂澜为智策，因此在常事上十分下功夫，以免节外生枝。因其细心谋划，仙舟承平日久，看似行事慵懒的景元反被送上绰号「闭目将军」。
杰帕德,五星,冰,存护,贝洛伯格,2023/04/26,,可以为全体友方提供护盾的防御型角色,"高洁正直的银鬃铁卫戍卫官，出身于血脉高贵的朗道家族。
在时刻遭受风雪侵凌的贝洛伯格，人们的衣食住行尚能如旧——
正是因为杰帕德与他率领的银鬃铁卫在守护这平淡无奇的日常生活。"
桂乃芬,四星,火,虚无,仙舟「罗浮」,2023/10/27,,可使敌方陷入灼烧，提高群体易伤的辅助角色,"因机缘巧合留在仙舟的化外民，如今是热情烂漫的街头艺人。
本名「格妮薇儿」，「桂乃芬」是好友素裳为她起的仙舟名。
面对「罗浮」的全新人生，凭着对仙舟文化的热爱，桂乃芬很快学到了安身立命的一技之长——倒立吃面条、胸口碎大石、徒手接子弹等等。"
桑博,四星,风,虚无,贝洛伯格,2023/4/26,,以持续伤害和多段弹射打击为主的输出角色,"口若悬河的倒货商人，只要有「利」的地方，就有桑博的身影。
桑博手中绝无仅有的情报让人不得不接近他，不过成为他的「客人」并不是什么好事。
毕竟只要价钱合适，「客人」也随时可以转化为「商品」。"
椒丘,五星,火,虚无,仙舟「曜青」,2024/08/21,,椒丘是一名通过对敌方施加【烬煨】使敌方受到的伤害提高且对敌方造成灼烧伤害的辅助型角色。椒丘施放终结技后开启结界，处于结界中的敌方目标受到的终结技伤害提高。,"仙舟「曜青」的狐人医士、策士，常以笑脸迎人，实际颇有心计。
出身于丹鼎司名家，曾一度心死避世，不再行医，后为医治「天击将军」飞霄再度出山。
精于医食同源的丹方研究，尤其是能带给人痛感的辣味食物，发明了名为「九宫格」的鼎镬药式。"
波提欧,五星,物理,巡猎,巡海游侠,2024/05/29,,擅长与敌方决斗的输出型角色,浪迹银河的改造人牛仔，极度乐观、放荡不羁。身为「巡海游侠」的一员，为惩奸除恶，可以无所不用其极——高调行事的背后，渴望以此引起复仇对象「星际和平公司」的注意。
流萤,五星,火,毁灭,星核猎手,2024/06/19,,通过终结技进入状态获得技能强化的输出型角色,"星核猎手成员，身着机械装甲「萨姆」战斗。忠于任务，性格坚强。
作为战胜虫群的兵器而诞生，其生长速度异于常人，但生命非常短暂。
为了找寻「生」的机会而加入星核猎手，找寻违抗命运的方式。"
海瑟音,五星,物理,虚无,斯缇科西亚，奥赫玛,2025-08-13,「满溢之杯，法吉娜」,可依据目标持续伤害数量，额外造成相应次数持续伤害的输出型角色,"斯缇科西亚，醉与梦的海滨之城，旧日的歌声仍在浮浪间回荡。
大海的女儿海列屈拉，清洗「海洋」火种的黄金裔，驱散污浊的暗流，为天外的英雄奏响不醉不归的盛宴
——散场之时未到，纵然希望如泡沫般易碎，浪花也将一往无前。"
火花,五星,火,欢愉,假面愚者,2026/3/3,,是一名能产生大量笑点的输出型角色,点赞！关注！直播！流量！狂欢直到世界尽头！ 火花和花火，假面与愚者本无不同—— 谁被看见，谁被喜欢，谁就是正确答案！
灵砂,五星,火,丰饶,仙舟联盟,2024/10/02,,召唤烟兽支援队友的回复型角色,"仙舟「罗浮」丹鼎司新任司鼎，伶俐秀慧的持明医士。
嗅觉敏锐，常以此识别病症，并以香薰安定他人心神。
善于处理混杂的人际关系，即使心底暴躁如雷，表面上依旧滴水不漏。"
爻光,五星,物理,欢愉,仙舟「玉阙」,2026/02/13,,是一名能触发额外「阿哈时刻」的辅助型角色,神秘，大胆，激进，求变之举令人瞠目结舌。 以巡猎之「眼」遍观吉凶，明知天意难违，「戎韬将军」仍旧孤身涉险。 这一支下下签，如何能够改运换天？
玲可,四星,量子,丰饶,贝洛伯格,2023/09/20,,能够提高我方生命上限、持续治疗以及解除负面效果的治疗角色,"朗道家年龄最小的女孩，贝洛伯格首屈一指的极地探险家。
看似慵懒，实际上执行力极强。散发生人勿近的气场只是为了避免不必要的社交。
至于如何定义不必要的社交——「呃…所有社交不都是没必要的吗？」"
瓦尔特,五星,虚数,虚无,星穹列车,2023/04/26,,能减缓敌方行动的输出型角色,"老成持重的前逆熵盟主，继承了「世界」之名，曾屡次拯救世界于灭亡的边缘。
圣方丹事件结束后，瓦尔特被迫与事件始作俑者去向星门另一侧。
或许连他自己也未曾料到，在那里等待着的，将是全新的旅途和同伴。"
白厄,五星,物理,毁灭,哀丽秘榭，奥赫玛,2025-07-02,……,可以变身为卡厄斯兰那并拥有多个强力技能的输出型角色。,"哀丽秘榭，遗世独立的边陲村落，如今只余晦涩的传说。
无名的英雄卡厄斯兰那，容纳「负世」火种的黄金裔，铭记全世的理想，背负万众的命运，为新世界带来第一缕曙光
——「但倘若黎明从不存在，就让怒火燃尽此身，化作明日的烈阳！」"
白露,五星,雷,丰饶,仙舟「罗浮」,2023/04/26,,为队友附加「生息」状态的治疗角色,"性格活泼的小女孩，持明族的「衔药龙女」，药到病除的名医。
经常开出不拘一格的药方，如「多喝热水」、「睡一觉就好了」。
见不得人受苦，治病时总是闭着眼睛。
——总之病好了就行！"
真珠,五星,冰,欢愉,星际和平公司,2026/9/28,,消耗【好活当赏】为我方全体抵挡伤害的防御型角色,点染星月，描摹万象，文明的遗珠重焕光彩。 因解析艺术而诞生，她追寻美的极境，却从未失却「存护」的底色： 历经洗礼，她会收获怎样的「真珠」？
真理医生,五星,虚数,巡猎,博识学会,2024/01/17,,可在自身或队友攻击时触发追加攻击的输出型角色。,直率而自我的博识学会学者，常以奇怪的石膏头雕遮蔽面容。自幼便展露出过人的才智，如今却以「庸人」自居。坚信智慧与创造力并不为天才独有，致力于向全宇宙传播知识，医治名为愚钝的顽疾。
知更鸟,五星,物理,同谐,匹诺康尼,2024/05/08,,通过【协奏】提高我方输出的辅助型角色,"出生于匹诺康尼，闻名银河的天环族歌者，举止从容优雅的少女。
此次受家族宴请回到故乡，在「谐乐大典」为众宾献歌一曲。
可以依靠「同谐」的力量传递歌声，在歌迷乃至万界生灵之中展现「共鸣」。"
知更鸟•晴歌,五星,风,记忆,匹诺康尼,2026/8/26,,召唤忆灵「晴空乐手」协助战斗的辅助型角色,"「好久不见呀。千星城的天气真好，湿润的风里满是阳光的味道…正想为新歌收集一些灵感，要不要一起去沙滩上走走，听听海螺的回声？」
飞越晴空蓝海，羽翼掠起浪花，化作新声。
循着回忆的遗音，她拥抱一路意外，寻觅变奏的灵感——
谐乐之外，「同谐」还能怎样歌唱？"
砂金,五星,虚数,存护,星际和平公司,2024/04/17,,为我方全体提供可叠加护盾量的特殊护盾,星际和平公司「战略投资部」的高级干部，「石心十人」之一，基石为「诡弈砂金」。个性张扬的风险爱好者，时常面带笑容，真心却难以揣测。靠着同命运的博弈赢得如今的地位，将人生视作一场高风险、高回报的投资，而他向来游刃有余。
砂金•戏浪,五星,量子,欢愉,星际和平公司,2026/9/12,,与全队攻击次数联动、可频繁施放欢愉技的输出型角色,"「朋友，又见面了！刚刚结束代言拍摄，在镜头前维持笑容还真是个体力活。不过好在升完P46之后，总算有空好好休假了。想和我一起放松下么？我保证会给你一个难以忘怀的假期。」
盛典点亮海岸，风暴于狂欢中酝酿。
接过密令，他再度站到风口浪尖，搅动悠长假日——
当险浪吞没身影，他又将如何破局？"
符玄,五星,量子,存护,仙舟联盟,2023/09/20,,能够替我方全体分摊伤害并提供增益的防御型角色,"仙舟「罗浮」太卜司之首，自信耿直的智者。
凭借第三眼与穷观阵为仙舟占算航路，预卜事务吉凶，坚信自己所做的一切便是事情的「最优解」。
符玄等待着将军承诺的「退位让贤」，然而这一天的到来…似乎还遥遥无期。"
米沙,四星,冰,毁灭,匹诺康尼,2024/02/06,,兼具控制能力的输出型角色,"乖巧懂事的「白日梦酒店」门童，梦想成为一名和爷爷一样的银河冒险家。
工作十分努力，尤其擅长修理各类机械，热衷于酒店住客分享的星际见闻。
希望自己快快长大，期待着早日有一天踏上探索群星的旅程。"
素裳,四星,物理,巡猎,仙舟「罗浮」,2023/04/26,,能够造成附加伤害，拥有高破韧效率的对单输出角色,"单纯热心的云骑军新人，执一柄重剑。
憧憬着云骑军历史上的传奇，渴望成为响当当的人物。
为此，素裳坚决恪守「急人所急，有求必应；日行一善，三省吾身」的信条，过着助人为乐的忙碌日子。"
绯英,五星,物理,欢愉,二相乐园,2026/5/13,,快速积累【好活当赏】的输出型角色,"一季幻月满盈，一季人世更迭，神秘少女再度现身二相乐园！
落英易散，她的停留也不过刹那。新时代的一切令她痴迷，绝不容许有人破坏——
一把尺刀裁定正邪，可谁又能知，己身善恶几何？"
缇宝,五星,量子,同谐,雅努萨波利斯，奥赫玛,2025-02-26,「万径之门，雅努斯」,展开结界增益我方的辅助型角色,"自那三相神谕垂怜的圣地，信使分作千身，启程远行。
雅努萨波利斯的圣女，缇里西庇俄丝，窃夺「门径」火种的黄金裔，要为众生奔走，令救世的讯息晓喻大地
——找寻那流淌黄金神血的人子，冲破世间至暗，去往星月满天的明日。"
罗刹,五星,虚数,丰饶,仙舟联盟,2023/06/28,,回复生命值、解除负面状态和敌方增益的回复型角色,"金发俊雅的年轻人，背着巨大的棺椁。
身为天外行商的他，不幸被卷入仙舟「罗浮」的星核危机。
一手精湛医术莫名有了用武之地。"
翡翠,五星,量子,智识,星际和平公司,2024/07/10,,通过获得充能点，以触发追加攻击的输出型角色,"星际和平公司「战略投资部」的高级干部，「石心十人」之一，基石为「典贷翡翠」。
冷艳优雅的放贷人，善于洞悉人心，常常通过抵押与契约使敌人付出代价，为公司获利。
愿意为获取更有价值的事物而费心布局，也愿意从看似一无所有的客户身上挖掘价值。"
艾丝妲,四星,火,同谐,空间站「黑塔」,2023/04/26,,可提高我方全体攻击力和速度的辅助角色,"好奇心与精力都很旺盛的少女，空间站「黑塔」的名义站长。
无论是管理各抒己见的科员，还是直接又不失礼貌地回复博识学会的种种刁难，对艾丝妲来说都易如反掌。
毕竟指挥空间站…总比继承家业简单吧！"
花火,五星,量子,同谐,假面愚者,2024/02/29,,恢复战技点、提高我方战技点上限的辅助型角色,"「假面愚者」的成员之一，难以捉摸，不择手段。
危险的戏剧大师，沉迷于扮演，身怀千张假面，能化万种面相。
财富、地位、权力…于花火而言都不重要，能让她出手的，唯有「乐趣」。"
藿藿,五星,风,丰饶,仙舟「罗浮」,2023/11/15,,为群体恢复能量、提高攻击力，回复生命值的回复型角色,"可怜又弱小的狐人小姑娘，也是怕鬼捉鬼的罗浮十王司见习判官。
名为「尾巴」的岁阳被十王司的判官封印在她的颀尾上，使她成为了招邪的「贞凶之命」。
害怕妖魔邪物，却总是受命捉拿邪祟，完成艰巨的除魔任务；
自认能力不足，却无法鼓起勇气辞职，只好默默害怕地继续下去。"
虎克,四星,火,毁灭,贝洛伯格,2023/04/26,,利用灼伤提高输出，回复生命值与能量的输出型角色,"冒险集团「鼹鼠党」的头头，自称「漆黑的虎克大人」。
不喜欢被人称作小家伙，认为自己不依靠大人也能独挡一面。
大人们去裂界里冒险，桑博先生去地面上冒险，病人们冒险接受娜塔莎的治疗…在虎克的带领下，孩子们也要有自己的冒险！"
貊泽,四星,雷,巡猎,仙舟「曜青」,2024/09/10,,以标记敌人为【猎物】造成附加伤害的输出型角色,"仙舟「曜青」的影卫，沉默寡言、独来独往。
专司情报与不见光的事务，鲜少在人前露面。貊泽显露锋芒时，便是敌人的死期。
刺杀手段丰富，对整洁和条理有超乎寻常的执着。"
赛飞儿,五星,量子,虚无,多洛斯，奥赫玛…？,2025-06-11,「翻飞之币，扎格列斯」,使敌方受到伤害提高的辅助型角色,"失落的盗寇之都多洛斯，三百侠盗纵情游戏，横行无忌。
捷足的贼星赛法利娅，戏弄「诡计」火种的黄金裔，奔走吧。愿你的谎言随风同行，吹遍此世大地
——「呵，还想诓我？没门！」"
远坂凛,五星,量子,智识,异界,2026/7/24,,是一名利用【宝石能量】强化战技爆发的输出型角色,"来自宇宙之外，某个存在着魔法与魔术的世界，不断精进自我的少女魔术师——冬木市魔术世家，远坂家第六代当家。
如今师从于「时钟塔」某位与圣杯战争颇有渊源的名师，为了完成实习课题穿梭于次元与位面之间……
「欸？这里是哪？？怎么一点魔力都没有啊？？？
「圣、圣杯？有救了！不好意思，借我一用！」"
遐蝶,五星,量子,记忆,斯缇科西亚，哀地里亚，奥赫玛,2025-04-09,「灰黯之手，塞纳托斯」,召唤「死龙•玻吕刻斯」共同战斗的输出型角色,"那敬爱死亡的国度，终日飘雪的哀地里亚，今日已沉入甘甜的酣眠。
冥河的女儿遐蝶，寻索「死亡」火种的黄金裔，启程吧。呵护世间魂灵的恸哭，拥抱命运的孤独
——生死皆为旅途，当蝴蝶停落枝头，那凋零的又将新生。"
那刻夏,五星,风,智识,神悟树庭,2025-04-30,「裂分之枝，瑟希斯」,可为敌方群体快速添加大量弱点的输出型角色,"神悟树庭，滋养知识的学府，诞育哲人的摇床。
但渎神的阿那克萨戈拉斯，诘问「理性」火种的黄金裔，试问：你甘愿身负恶名，也要违逆预言，将怀疑的枝杈刺入智慧的圣树？
——「可笑。这世界遍地虚假，唯有我才是真实。」"
银枝,五星,物理,智识,纯美骑士团,2023/12/06,,施放更强力终结技的对群输出型角色,"「纯美骑士团」的古典骑士。
他为人正直、光明磊落，高贵的天性令人敬佩——一位游走宇宙间的独行者，坚定践行「纯美」。
维护「纯美」在宇宙间的名誉，是银枝的职责：履行这一职责，起手需虔诚，落枪时则将要令人心悦诚服。"
银狼,五星,量子,虚无,星核猎手,2023/06/07,,通过添加弱点削减抗性削弱敌方的角色,"将宇宙视为游戏的超级骇客。
无论怎样棘手的防御系统，银狼都能轻松破解。她与「天才俱乐部」螺丝咕姆的数据攻防战，现已成为骇客界的传说。
宇宙中还有多少亟待攻破的关卡？银狼对此十分期待。"
银狼LV.999,五星,虚数,欢愉,星核猎手,2026/4/22,,可以变身【无敌玩家】施放强力技能的输出型角色,"新一轮欢愉赛季，无敌玩家「银狼LV.999」限时回归中！
成为宇宙大赢家，银河通关全成就，接下来还要怎么玩？
「走上『欢愉』巅峰？无聊到爆好嘛…既然卡带到手，就我说了算咯~」"
镜流,五星,冰,毁灭,仙舟联盟,2023/10/11,,通过进入特殊状态增强自身攻击的输出型角色,"曾经的罗浮剑首，云骑军不败盛名的缔造者。
而今其名已被抹去，成为行于魔阴边缘的仙舟叛徒。"
长夜月,五星,冰,记忆,天外,2025-09-24,「永夜之帷，欧洛尼斯」,召唤忆灵「长夜」进行作战的输出型角色,"与世相隔的忆域，烛火映出过往，于迷雾中悄然熄去。
自那影中而来的记忆之子长夜月，隐匿「岁月」火种的黄金裔，掀起「忘却」的浪潮，守护镜中人的心愿
——「别担心，我会为你看护『开拓』的前路…不惜任何代价♭」"
阮•梅,五星,冰,同谐,空间站「黑塔」,"图鉴未提供
【实装】2023/12/27",,提高击破效率、速度和全属性抗性穿透的辅助型角色,"气质温婉优雅的学者，「天才俱乐部」#81号会员，生命科学领域的专家。
凭借天赋与惊人的执著得到了博识尊的瞩目，在秘密的角落开始了对生命本源的研究与探索。
并因此被黑塔邀请，同螺丝咕姆、斯蒂芬联合开发了「模拟宇宙」。
私下里，她十分喜爱传统戏剧与点心，对刺绣也很感兴趣。"
阿兰,四星,雷,毁灭,空间站「黑塔」,2023/04/26,,通过降低自身生命值来获得伤害提高的输出角色,"不善言辞的空间站「黑塔」防卫科负责人。
虽然不懂科研，但为了保护珍视研究的空间站科员顺利完成他们的研究，阿兰可以拼上性命。他早已习惯疼痛，并将负伤视作勋章。
也只有抱着佩佩时，男孩才会放下戒备，露出难得一见的笑容。"
阿格莱雅,五星,雷,记忆,奥赫玛,2025-02-05,「黄金之茧，墨涅塔」,召唤忆灵「衣匠」协助战斗的输出型角色,"在那黎明照拂的圣城，织者抚弄金丝，连缀命运。
背负「浪漫」火种的黄金裔，召集世间英雄，带领他们再度踏上漫长的征程
——击落众神，归还神火，予以几近覆灭的翁法罗斯新生。"
雪衣,四星,量子,毁灭,仙舟「罗浮」,2023/12/27,,通过削减敌方韧性触发追加攻击的输出型角色,"仙舟「罗浮」的「十王司」判官之一，负责拘、锁、刑、问的四判官中的「拘」。
手持铁索与破魔锥，不知疲倦地寻索重犯，将其勾摄镇伏。
过去的肉身已灰飞烟灭，借偃偶身躯「还阳」，每缉拿一个凶徒便抵半日。"
青雀,四星,量子,智识,仙舟「罗浮」,2023/04/26,,通过抽取四张同色琼玉牌，获得强化普攻的输出角色,"太卜司的普通卜者，在「忙里偷闲」这件事上绝不偷闲。
顺应父母的期望考入太卜司，却发现本以为清闲的铁饭碗是高强度的职场苦海。
经过数年历练，青雀终于磨砺了一身本领——无论部门流转，她仍旧是最低职级的卜者。
没事翻翻书，玩玩古代牌戏…人生如此，夫复何求？"
风堇,五星,风,记忆,昏光庭院，奥赫玛,2025-05-21,「晨昏之眼，艾格勒」…？,召唤忆灵「小伊卡」提高全体生命上限的回复型角色,"云间城邦随岁月离析，昏光庭院再度敞开门扉，为永夜捎来微光。
医师雅辛忒丝，守望「天空」火种的黄金裔。继承先祖的意志，缝补破裂的晨昏
——愿虹光洒落，仇怨消融，黎明重回大地。"
飞霄,五星,风,巡猎,仙舟联盟,2024/09/10,,通过累计【飞黄】施放终结技的输出型角色,"仙舟「曜青」的天击将军，帝弓七天将之一，为人不拘一格，率直潇洒。
精通百般武艺，炼化躯体至极致，享有「大捷将军」美名，深受仙舟军民爱戴。
但身负「月狂」之症，如要在时限内猎尽孽物——飞霄唯一的敌手，便是自己。"
驭空,四星,虚数,同谐,仙舟「罗浮」,2023/06/28,,能够提高我方全体攻击力、暴击率、暴击伤害的辅助角色,"仙舟「罗浮」天舶司的主司，性情温和，处事老练。
年轻时作为飞行士久历战阵，以优秀的战绩成为主司，却因一场惨烈的战争不再飞翔天际。
如今虽已褪去锋芒，专心操持公务，但「罗浮」的航向上始终有她的身影。"
黄泉,五星,雷,虚无,巡海游侠/自灭者,2024/03/27,,敌人陷入负面效果积攒充能点施放终结技输出型角色,自称「巡海游侠」的旅人，本名不详。身佩一柄长刀，独行银河。 淡漠寡言，剑出如紫电般迅猛，却从来只以刀鞘战斗，收而不发。
黑塔,四星,冰,智识,空间站「黑塔」,2023/04/26,,将敌人血量削减至一半以下触发追击的输出型角色,"空间站「黑塔」真正的主人。
身为湛蓝星智商最高的人类，只做自己感兴趣的事，一旦失去兴趣就立刻走人——空间站就是最好的例子。
平时以远程操纵的人偶形态登场：「跟我小时候比，勉强七分相似吧。」——黑塔本人。"
黑天鹅,五星,风,虚无,流光忆庭,2024/02/06,,多种方式给敌方目标施加【奥迹】的输出型角色,"「流光忆庭」的忆者，神秘优雅的占卜师。
常挂着温柔的微笑，耐心聆听他人的言语，并借此走入「记忆」，掌握全盘信息。
热衷于收集独一无二的记忆，背后的想法却难以看透。"
