角色名,方案序号,隧洞遗器,位面饰品,推荐指数,主词条,副词条
Archer,1,繁星璀璨的天才 四件套 或识海迷坠的学者 四件套,繁星竞技场 或太空封印站,★★★★★,【躯干】暴击率/暴击伤害【脚部】攻击力百分比【位面球】量子属性伤害提高【连结绳】攻击力百分比,暴击率>攻击力百分比=暴击伤害>速度
Saber,1,恶海逐波的船长 或识海迷坠的学者,停转的萨尔索图 或繁星竞技场,★★★★★,【躯干】暴击率/暴击伤害【脚部】速度【位面球】风属性伤害提高【连结绳】攻击力,暴击率>速度=攻击力>暴击伤害
万敌,1,识海迷坠的学者 四件套,谧宁拾骨地,★★★★★,【躯干】生命值/暴击/暴伤【脚部】速度/生命值【位面球】虚数伤害提高【连结绳】生命值,生命>暴击=暴伤>速度
万敌,2,宝命长存的莳者 四件套,繁星竞技场,★★★★,【躯干】生命值/暴击/暴伤【脚部】速度/生命值【位面球】虚数伤害提高【连结绳】生命值,生命>暴击=暴伤>速度
三月七,1,净庭教宗的圣骑士 四件套,筑城者的贝洛伯格,★★★★★,【躯干】效果命中/防御力【脚部】速度/防御力【位面球】防御力【连结绳】防御力/能量恢复效率,防御>效果命中>速度>效果抵抗
三月七,2,戍卫风雪的铁卫 四件套,折断的龙骨,★★★★,【躯干】效果命中/防御力【脚部】速度/防御力【位面球】防御力【连结绳】防御力/能量恢复效率,防御>效果命中>速度>效果抵抗
不死途,1,毁烬焚骨的大公 四件套,千星荟萃之城,★★★★★,【躯干】暴击率【脚部】速度【位面球】雷属性伤害提高【连结绳】攻击力,暴击=暴伤>攻击力>速度
不死途,2,死水深潜的先驱 四件套,奔狼的都蓝王朝,★★★★,【躯干】暴击率【脚部】速度【位面球】雷属性伤害提高【连结绳】攻击力,暴击=暴伤>攻击力>速度
丹恒,1,死水深潜的先驱 四件套或识海迷坠的学者 四件套,繁星竞技场,★★★★★,【躯干】暴击/暴伤【脚部】速度/攻击【位面球】风属性【连结绳】攻击,暴击=暴伤>攻击>速度
丹恒,2,繁星璀璨的天才 四件套,停转的萨尔索图,★★★★,【躯干】暴击/暴伤【脚部】速度/攻击【位面球】风属性【连结绳】攻击,速度>暴击=暴伤>攻击
丹恒•腾荒,1,自匿星芒的隐士 四件套,梦想之地匹诺康尼 或沉陆海域露莎卡,★★★★★,【躯干】攻击力【脚部】速度/攻击力【位面球】攻击力【连结绳】能量恢复/攻击力,速度=攻击力>其他
丹恒•腾荒,2,重循苦旅的司铎 四件套,太空封印站,★★★★,【躯干】攻击力【脚部】速度/攻击力【位面球】攻击力【连结绳】能量恢复/攻击力,速度=攻击力>其他
丹恒•饮月,1,盗匪荒漠的废土客 四件套 或野穗伴行的快枪手 四件套 或野穗伴行的快枪手 二件套 加盗匪荒漠的废土客 二件套,繁星竞技场,★★★★★,【躯干】暴击/暴伤【脚部】攻击力【位面球】虚数属性伤害【连结绳】攻击力,暴击=暴伤＞攻击＞速度
乱破,1,荡除蠹灾的铁骑 四件套 或 流星追迹的怪盗 四件套,盗贼公国塔利亚 或 劫火莲灯铸炼宫,★★★★★,【躯干】攻击力【脚部】速度/攻击力【位面球】攻击力【连结绳】能量恢复效率/击破特攻,击破特攻=速度>攻击力
云璃,1,风举云飞的勇烈 四件套 或街头出身的拳王 四件套 或毁烬焚骨的大公 四件套,停转的萨尔索图 或奔狼的都蓝王朝,★★★★★,【躯干】暴击率/暴击伤害【脚部】攻击力【位面球】物理属性伤害【连结绳】攻击力/能量恢复效率,暴击率>暴击伤害=攻击力
仙舟三月七,1,野穗伴行的快枪手 四件套 或盗匪荒漠的废土客 四件套 或野穗伴行的快枪手 二件套 加盗匪荒漠的废土客 二件套,繁星竞技场,★★★★★,【躯干】暴击率/暴击伤害【脚部】攻击力【位面球】虚数属性伤害【连结绳】攻击力/能量恢复效率,暴击率=暴击伤害＞攻击
佩拉,1,晨昏交界的翔鹰 四件套 或骇域漫游的信使 二件套 加密林卧雪的猎人 二件套 或重循苦旅的司铎 二件套,折断的龙骨 或不老者的仙舟,★★★★★,【躯干】效果命中/生命/防御【脚部】速度【位面球】生命/防御【连结绳】回能,效果命中=速度＞生命/防御
佩拉,2,密林卧雪的猎人 四件套,泛银河商业公司 或折断的龙骨 或不老者的仙舟,★★★★,【躯干】暴击/暴伤/效果命中【鞋子】速度/攻击【位面球】冰伤【连结绳】回能/攻击,效果命中/双暴/速度＞生命/防御
停云,1,骇域漫游的信使 二件套 或野穗伴行的快枪手 二件套,生命的翁瓦克 或不老者的仙舟 或折断的龙骨 或梦想之地匹诺康尼,★★★★★,【躯干】生命/防御/攻击【脚部】速度【位面球】攻击力【连结绳】能量恢复效率,生命/防御>攻击=速度>效果抵抗
克拉拉,1,街头出身的拳王 四件套 或 哀歌覆国的诗人 四件套,停转的萨尔索图 或 奔狼的都蓝王朝,★★★★★,【躯干】暴击/爆伤【脚部】攻击力【位面球】物理属性伤害/攻击【连接绳】攻击力,暴击=暴伤＞攻击>速度
刃,1,宝命长存的莳者 四件套 或 晨昏交界的翔鹰 四件套,繁星竞技场 或 谧宁拾骨地,★★★★★,【躯干】暴击/爆伤【脚部】生命值/速度【位面球】风属性伤害/生命值【连结绳】生命值,暴击/爆伤＞生命值=速度
刻律德菈,1,重循苦旅的司铎 四件套 或晨昏交界的翔鹰 四件套,沉陆海域露莎卡 或生命的翁瓦克,★★★★★,【躯干】攻击力【脚部】攻击力（白厄）/速度（其他）【位面球】攻击力【连结绳】攻击力（白厄）/能量恢复效率（其他）,攻击力>速度>暴击伤害
加拉赫,1,流星追迹的怪盗 或荡除蠹灾的铁骑,折断的龙骨 或劫火莲灯铸炼宫 或盗贼公国塔利亚,★★★★★,【躯干】治疗量加成【脚部】速度【位面球】生命值百分比/防御力百分比【连结绳】能量恢复效率/击破特攻,速度>击破特攻>生命
千冶•刃,1,叩问天工的名冶 四件套,谧宁拾骨地,★★★★★,【躯干】暴击率>暴击伤害【脚部】速度/生命值提高【位面球】生命值提高>火属性伤害提高【连结绳】充能效率提升>生命值提高,暴击=暴伤>生命
千冶•刃,2,叩问天工的名冶 四件套,生命的翁瓦克,★★★★★,【躯干】暴击率>暴击伤害【脚部】速度/生命值提高【位面球】生命值提高>火属性伤害提高【连结绳】充能效率提升>生命值提高,暴击=暴伤>生命=速度
卡芙卡,1,幽锁深牢的系囚 四件套 或 激奏雷电的乐队 四件套,苍穹战线格拉默 或 太空封印站,★★★★★,【躯干】攻击力【脚部】速度 【位面球】雷属性伤害提高【连结绳】攻击力/能量恢复效率,速度＞攻击＞效果命中
卢卡,1,流星追迹的怪盗 二件套荡除蠹灾的铁骑 二件套,盗贼公国塔利亚 或劫火莲灯铸炼宫,★★★★★,【躯干】暴击率【脚部】速度【位面球】攻击【连结绳】击破特攻,击破=速度>攻击百分比
卢卡,2,街头出身的拳王 四件套 或幽锁深牢的系囚 四件套,苍穹战线格拉默 或太空封印站 或泛银河商业公司,★★★★★,【躯干】攻击【脚部】速度【位面球】物理属性伤害【连结绳】攻击,速度=命中>攻击>击破>暴击>暴伤
吉尔伽美什,1,识海迷坠的学者 四件套 或星如我见的领航员 四件套,寰宇生研院 或出云显世与高天神国,★★★★★,【躯干】暴击率/暴击伤害【脚部】速度【位面球】雷属性伤害提高/攻击力【连结绳】攻击力/充能,暴击>速度>暴伤（注：优先暴击80以上，然后速度160以上，最后攻击力。）
大丽花,1,荡除蠹灾的铁骑 四件套 或流星追迹的怪盗 四件套,劫火莲灯铸炼宫 或盗贼公国塔利亚,★★★★★,【躯干】生命值【脚部】速度【位面球】生存向【连结绳】击破特攻,击破特攻>速度>攻击力/命中
大黑塔,1,识海迷坠的学者 四件套 或密林卧雪的猎人 四件套,出云显世与高天神国,★★★★★,【躯干】暴击率/暴击伤害【脚部】攻击力/速度【位面球】冰属性伤害【连结绳】攻击力,暴击率>暴击伤害=攻击力
姬子,1,熔岩锻铸的火匠 四件套 或毁烬焚骨的大公 四件套,停转的萨尔索图 或奔狼的都蓝王朝,★★★★★,【躯干】暴击率/暴击伤害【脚部】攻击力/速度【位面球】火属性伤害【连结绳】攻击力/能量,暴击率/暴击伤害>攻击力>速度
姬子•启行,1,星如我见的领航员 四件套 或恶海逐波的船长 四件套,坠星启航地 或奇想蕉乐园,★★★★★,【躯干】暴击率/暴击伤害【脚部】速度/攻击力【位面球】火属性伤害提高/攻击力【连结绳】能量恢复/攻击力,暴击>暴伤>攻击力>速度
娜塔莎,1,宝命长存的莳者 二件套 加云无留迹的过客 二件套 或骇域漫游的信使 二件套戍卫风雪的铁卫 二件套,不老者的仙舟 或折断的龙骨,★★★★★,【躯干】治疗量/生命【脚部】速度＞生命【位面球】生命【连结绳】能量恢复,速度＞生命>效果抵抗=防御
寒鸦,1,骇域漫游的信使 四件套 或重循苦旅的司铎 四件套 或晨昏交界的翔鹰 四件套,生命的翁瓦克 或不老者的仙舟 或折断的龙骨 或梦想之地匹诺康尼 或沉陆海域露莎卡,★★★★★,【躯干】攻击/生命/防御【脚部】速度 【位面球】攻击/生命/防御【连结绳】能量恢复,速度>攻击/生命/防御>效果抵抗
布洛妮娅,1,骇域漫游的信使 四件套 或重循苦旅的司铎 四件套 或戍卫风雪的铁卫 二件套 加骇域漫游的信使 二件套,折断的龙骨 或不老者的仙舟,★★★★★,【躯干】爆伤【脚部】速度/生命/防御【位面球】生命/防御/风伤【连结绳】能量,爆伤>速度>生命&防御
希儿,1,繁星璀璨的天才 四件套,苍穹战线格拉默 或繁星竞技场 或停转的萨尔索图 或太空封印站,★★★★★,【躯干】暴击/暴伤【脚部】攻击/速度【位面球】量子属性伤害/攻击力【连结绳】攻击力,暴击=暴伤>攻击力>速度
希露瓦,1,激奏雷电的乐队 四件套,繁星竞技场 或太空封印站,★★★★★,【躯干】暴击【脚部】攻击力/速度【位面球】雷伤/攻击【连结绳】攻击/击破特攻,暴击≈爆伤>速度>攻击
开拓者•同谐,1,机心戏梦的钟表匠 四件套 或荡除蠹灾的铁骑 四件套,生命的翁瓦克 或劫火莲灯铸炼宫 或生命的翁瓦克,★★★★★,【躯干】生命/防御力【脚部】速度【位面球】生命/防御力【连结绳】击破特攻/能量,速度>击破特攻>生命=防御
开拓者•存护,1,净庭教宗的圣骑士 四件套 或戍卫风雪的铁卫 四件套,沉陆海域露莎卡 或筑城者的贝洛伯格,★★★★★,【躯干】防御力【脚部】速度/防御力【位面球】防御力【连结绳】防御力/能量,效果抵抗>防御力=速度>生命
开拓者•欢愉,1,应天涉远的卜者 四件套,生命的翁瓦克,★★★★★,【躯干】暴击率/暴击伤害【脚部】速度【位面球】生命提升/防御提升【连结绳】充能效率,速度>暴击>暴伤=速度
开拓者•欢愉,2,骇域漫游的信使 四件套,沉陆海域露莎卡,★★★★★,【躯干】暴击率/暴击伤害【脚部】速度【位面球】生命提升/防御提升【连结绳】充能效率,速度>暴击>暴伤
开拓者·毁灭,1,街头出身的拳王 四件套 或 识海迷坠的学者 四件套,停转的萨尔索图 或 繁星竞技场,★★★★★,【躯干】暴击/爆伤【脚部】攻击/速度【位面球】物理属性伤害【连结绳】攻击/回能,暴击=暴伤>速度>攻击=击破特攻
开拓者•记忆,1,凯歌祝捷的英豪 四件套 或晨昏交界的翔鹰 四件套,沉陆海域露莎卡 或生命的翁瓦克 或奇想蕉乐园,★★★★★,【躯干】爆伤【脚部】速度/生命&防御（辅助）【位面球】冰属性伤害/攻击【连结绳】能量,暴伤>速度>效果抵抗
彦卿,1,密林卧雪的猎人 四件套 或识海迷坠的学者 四件套,太空封印站 或停转的萨尔索图 或繁星竞技场,★★★★★,【躯干】暴击伤害/暴击率【脚部】速度/攻击力【位面球】冰属性伤害【连接绳】攻击力,暴击率=暴击伤害>攻击力>速度
忘归人,1,荡除蠹灾的铁骑 四件套 或晨昏交界的翔鹰 四件套 或流星追迹的怪盗 二件套 加骇域漫游的信使 二件套,盗贼公国塔利亚 或劫火莲灯铸炼宫,★★★★★,【躯干】效果命中【脚部】速度【位面球】任意主词条【连结绳】能量恢复效率/击破特攻,击破特攻>速度>效果命中
托帕&账账,1,毁烬焚骨的大公 四件套 或 野穗伴行的快枪手 二件套 加 熔岩锻铸的火匠 二件套,奇想蕉乐园 或 奔狼的都蓝王朝 或 停转的萨尔索图 或 出云显世与高天神国,★★★★★,【躯干】暴击率/暴击伤害【脚部】攻击力百分比/速度【位面球】火属性伤害提高【连结绳】攻击力/能量,暴击率=暴击伤害＞攻击力＞速度
昔涟,1,再创天地的救世主 四件套,永恒之地翁法罗斯 二件套,★★★★★,【躯干】暴击率/暴击伤害【脚部】速度【位面球】生命值【连结绳】生命值,速度>暴击=暴伤>生命值
星期日,1,重循苦旅的司铎 四件套 或重循苦旅的司铎 二件套 加骇域漫游的信使 二件套,沉陆海域露莎卡 或折断的龙骨 或生命的翁瓦克,★★★★★,【躯干】暴击伤害【脚部】速度【位面球】任意主词条【连结绳】能量恢复效率,暴击伤害>速度（调速用）
景元,1,毁烬焚骨的大公 四件套 或 激奏雷电的乐队 四件套,奇想蕉乐园 或 奔狼的都蓝王朝 或 停转的萨尔索图,★★★★,【躯干】暴击率/暴击伤害【脚部】速度/攻击力百分比【位面球】雷属性伤害提高【连结绳】攻击力/能量,速度＞暴击率=暴击伤害＞攻击力
杰帕德,1,净庭教宗的圣骑士 四件套 或净庭教宗的圣骑士 二件套 加戍卫风雪的铁卫 二件套,折断的龙骨 或筑城者的贝洛伯格 或沉陆海域露莎卡,★★★★★,【躯干】防御力/效果命中【脚部】速度/防御力【位面球】防御力【连结绳】防御力/能量回复效率,效果抵抗>防御力=速度
桂乃芬,1,幽锁深牢的系囚 四件套 或幽锁深牢的系囚 二件套 加野穗伴行的快枪手 二件套,苍穹战线格拉默 或太空封印站,★★★★★,【躯干】攻击力【鞋子】速度【位面球】火属性伤害【连结绳】能量恢复,速度＞攻击＞击破＝效果命中
桑博,1,幽锁深牢的系囚 四件套 或晨昏交界的翔鹰 四件套 或晨昏交界的翔鹰 二件套 加野穗伴行的快枪手 二件套,苍穹战线格拉默 或太空封印站 或泛银河商业公司,★★★★★,【躯干】攻击/效果命中【脚部】速度/攻击【位面球】风属性伤害【连结绳】攻击力/充能,攻击力百分比＞速度＞效果命中
椒丘,1,晨昏交界的翔鹰 四件套 或 幽锁深牢的系囚 四件套,生命的翁瓦克 或 泛银河商业公司 或 苍穹战线格拉默,★★★★★,【躯干】效果命中/攻击力【脚部】速度/攻击力【位面球】火属性伤害/攻击力【连结绳】能量恢复效率/攻击力,效果命中＞速度＞攻击力
波提欧,1,荡除蠹灾的铁骑 四件套,盗贼公国塔利亚,★★★★★,【躯干】暴击率【脚部】速度【位面球】攻击力/物理属性伤害/生命值/防御力【连结绳】击破特攻,速度>击破特攻>其他
波提欧,2,流星追迹的怪盗 四件套 或机心戏梦的钟表匠 二件套 和流星追迹的怪盗 二件套 和骇域漫游的信使 二件套 三选二 或晨昏交界的翔鹰 四件套,盗贼公国塔利亚,★★★★,【躯干】暴击率【脚部】速度【位面球】攻击力/物理属性伤害/生命值/防御力【连结绳】击破特攻,速度>击破特攻>其他
流萤,1,荡除蠹灾的铁骑 四件套 或流星追迹的怪盗 四件套,劫火莲灯铸炼宫 或盗贼公国塔利亚,★★★★★,【躯干】攻击力【脚部】速度【位面球】攻击力【连结绳】击破特攻,速度>击破特攻>攻击力
海瑟音,1,幽锁深牢的系囚 四件套,沉欢醉饮的海隅 或泛银河商业公司,★★★★★,【躯干】效果命中【脚部】速度【位面球】物理属性伤害/攻击力【连结绳】充能,效果命中【120%】＞攻击=速度
火花,1,闪耀功勋的魔法少女 四件套,天国@直播间 或奇想蕉乐园,★★★★★,【躯干】暴击率/暴击伤害【脚部】速度/攻击力【位面球】攻击力【连结绳】能量恢复/攻击力,攻击力>暴击=暴伤>速度
灵砂,1,荡除蠹灾的铁骑 四件套 或晨昏交界的翔鹰 四件套 或云无留迹的过客 二件套 加骇域漫游的信使 二件套,劫火莲灯铸炼宫 或盗贼公国塔利亚 或渊思寂虑的巨树,★★★★★,【躯干】治疗量加成/攻击力【脚部】速度【位面球】攻击力【连结绳】能量恢复效率/击破特攻,速度>击破特攻>攻击力
爻光,1,应天涉远的卜者 四件套,沉陆海域露莎卡,★★★★★,【躯干】暴击伤害【脚部】速度【位面球】生命/防御【连结绳】能量恢复效率,速度>暴伤>暴击
玲可,1,云无留迹的过客 四件套 或宝命长存的莳者 二件套 加云无留迹的过客 二件套,不老者的仙舟 或折断的龙骨,★★★★★,【躯干】治疗加成【脚部】速度/生命【连结绳】充能/生命【位面球】生命,速度≈生命>其他
瓦尔特,1,死水深潜的先驱 四件套 或晨昏交界的翔鹰 四件套,繁星竞技场 或,★★★★★,【躯干】双爆/效果命中【脚部】速度/攻击力【位面球】虚数属性伤害【连结绳】攻击力/能量回复,双暴/效果命中>速度>攻击力
白厄,1,恶海逐波的船长 四件套,妖精织梦的乐园,★★★★★,【躯干】暴击率/暴击伤害【脚部】速度/攻击力【位面球】物理属性伤害提高【连结绳】攻击力,暴击=暴伤>速度>攻击力
白厄,2,街头出身的拳王 四件套,繁星竞技场,★★★★,【躯干】暴击率/暴击伤害【脚部】速度/攻击力【位面球】物理属性伤害提高【连结绳】攻击力,暴击=暴伤>速度>攻击力
白露,1,云无留迹的过客 四件套 或骇域漫游的信使 四件套,渊思寂虑的巨树,★★★★★,【躯干】治疗量加成/生命值【脚部】速度/生命值【位面球】生命值【连结绳】生命值/能量恢复效率,速度>生命=效果抵抗
白露,2,云无留迹的过客 二件套 和宝命长存的莳者 二件套,渊思寂虑的巨树,★★★★,【躯干】治疗量加成/生命值【脚部】速度/生命值【位面球】生命值【连结绳】生命值/能量恢复效率,速度>生命=效果抵抗
真珠,1,戏梦点星的伶人 四件套,生命的翁瓦克,★★★★★,【躯干】治疗加成/防御提高【脚部】速度【位面球】防御力提高【连结绳】能量恢复提高,速度>防御>生命
真珠,2,晨昏交界的翔鹰 四件套,折断的龙骨,★★★★,【躯干】治疗加成/防御提高【脚部】速度【位面球】防御力提高【连结绳】能量恢复提高,速度>防御>生命
真理医生,1,死水深潜的先驱 四件套 或毁烬焚骨的大公 二件套 加盗匪荒漠的废土客 二件套,停转的萨尔索图,★★★★★,【躯干】暴击率/暴击伤害【脚部】速度/攻击力【位面球】虚数属性伤害【连结绳】攻击力/能量恢复效率,暴击率=暴击伤害>攻击力>速度
知更鸟,1,野穗伴行的快枪手 二件套 加幽锁深牢的系囚 二件套 或风举云飞的勇烈 二件套 或骇域漫游的信使 二件套,生命的翁瓦克 或沉陆海域露莎卡 或不老者的仙舟,★★★★★,【躯干】攻击力【脚部】攻击力/速度【位面球】攻击力/物理属性伤害【连结绳】能量恢复效率/攻击力,攻击力>速度>生命&防御
知更鸟•晴歌,1,再创天地的救世主 四件套,生命的翁瓦克 或沉陆海域露莎卡 或永恒之地翁法罗斯 或,★★★★★,【躯干】生命值/暴击伤害【脚部】速度/生命值【位面球】生命值【连结绳】生命值/能量恢复,生命值>速度=暴击=暴伤
砂金,1,净庭教宗的圣骑士 四件套 或 死水深潜的先驱 二件套 加 净庭教宗的圣骑士 二件套,折断的龙骨 或 沉陆海域露莎卡 或 停转的萨尔索图,★★★★★,【躯干】防御力/爆伤/暴击【脚部】速度/防御力【位面球】防御力/虚数伤害【连结绳】能量恢复效率,防御力>速度>暴击伤害=暴击率
砂金•戏浪,1,闪耀功勋的魔法少女 四件套 或,零号关卡朋克洛德 或,★★★★★,【躯干】暴击率/暴击伤害【脚部】速度【位面球】生命/量子属性伤害提高/攻击力【连结绳】能量恢复,暴击=暴伤>速度>攻击力
符玄,1,宝命长存的莳者 二件套 或戍卫风雪的铁卫 二件套 加净庭教宗的圣骑士 二件套,折断的龙骨 或不老者的仙舟,★★★★★,【躯干】生命值/防御/暴击【脚部】速度【位面球】生命值/防御力/量子伤害【连结绳】能量恢复效率,生命值/防御力>速度>效果抵抗>暴击/爆伤
米沙,1,密林卧雪的猎人 四件套 或流星追迹的怪盗 四件套,停转的萨尔索图 或盗贼公国塔利亚,★★★★★,【躯干】暴击/爆伤【脚部】攻击/速度 【位面球】冰伤【连结绳】能量效率,暴击伤害＝暴击率＞百分比攻击力＞速度
素裳,1,街头出身的拳王 四件套,苍穹战线格拉默 或繁星竞技场,★★★★★,【躯干】暴击/暴伤【脚部】速度/攻击力【位面球】物理属性伤害/攻击力【连结绳】攻击力,暴击/暴伤>攻击>速度
素裳,2,流星追迹的怪盗 四件套,盗贼公国塔利亚,★★★★★,【躯干】暴击/暴伤【脚部】速度/攻击力【位面球】物理属性伤害/攻击力【连结绳】击破特攻,速度>击破特攻>暴击/暴伤>攻击
绯英,1,闪耀功勋的魔法少女,零号关卡朋克洛德,★★★★★,【躯干】暴击率/暴击伤害【脚部】速度/攻击力【位面球】物理属性伤害提高【连结绳】能量恢复效率,暴击=暴伤>攻击力>速度
缇宝,1,哀歌覆国的诗人 四件套 或晨昏交界的翔鹰 四件套,谧宁拾骨地 或沉陆海域露莎卡 或生命的翁瓦克,★★★★★,【躯干】暴击伤害/暴击率【脚部】生命值/速度[高速流]【位面球】量子属性伤害【连结绳】能量恢复效率/生命值,速度[高速流]>暴击伤害=暴击率>生命值
罗刹,1,云无留迹的过客 二件套 加野穗伴行的快枪手 二件套 或云无留迹的过客 四件套,不老者的仙舟 或折断的龙骨 或沉陆海域露莎卡,★★★★★,【躯干】治疗量【脚部】速度/攻击力【位面球】生命值/防御【连结绳】能量恢复效率/攻击力,效果抵抗=速度>生命&防御
翡翠,1,毁烬焚骨的大公 四件套 或哀歌覆国的诗人 四件套,奔狼的都蓝王朝 或停转的萨尔索图 或出云显世与高天神国,★★★★★,【躯干】暴击率/暴击伤害【脚部】攻击力/速度【位面球】量子属性伤害【连结绳】攻击力/能量恢复效率,暴击率=暴击伤害>攻击力>速度
艾丝妲,1,骇域漫游的信使 四件套,不老者的仙舟 或折断的龙骨 或梦想之地匹诺康尼,,【躯干】攻击/生命/防御【脚部】速度 【位面球】攻击/生命/防御【连结绳】能量恢复,速度>攻击/生命/防御>效果抵抗
花火,1,骇域漫游的信使 四件套 或 晨昏交界的翔鹰 四件套,折断的龙骨 或 梦想之地匹诺康尼 或 生命的翁瓦克 或 沉陆海域露莎卡,★★★★★,【躯干】暴击伤害【脚部】速度【位面球】生命/防御【连结绳】能量恢复效率,速度>暴击伤害>生命=防御=效果抵抗
藿藿,1,云无留迹的过客 四件套 或云无留迹的过客 二件套 加宝命长存的莳者 二件套 或骇域漫游的信使 二件套,不老者的仙舟 或折断的龙骨,★★★★★,【躯干】治疗量加成/生命值【脚部】速度/生命值【位面球】生命值【连结绳】能量恢复效率,速度>生命>效果抵抗
虎克,1,死水深潜的先驱 四件套 或识海迷坠的学者 四件套,太空封印站,★★★★★,【躯干】暴击率【脚部】速度【位面球】火伤【连结绳】能量回复/攻击力,双暴>攻击>速度
虎克,2,熔岩锻铸的火匠 四件套,繁星竞技场,★★★★★,【躯干】暴击率【脚部】速度【位面球】火伤【连结绳】能量回复/攻击力,双暴>速度>攻击>命中
貊泽,1,死水深潜的先驱 四件套 或激奏雷电的乐队 四件套 或风举云飞的勇烈 四件套,奔狼的都蓝王朝 或停转的萨尔索图 或出云显世与高天神国,★★★★★,【躯干】暴击率/暴击伤害【脚部】速度/攻击力百分比【位面球】雷属性伤害提高【连结绳】攻击力百分比,暴击率≈暴击伤害>攻击力百分比>速度
赛飞儿,1,死水深潜的先驱 四件套 或重循苦旅的司铎 二件套 加骇域漫游的信使 二件套,沉陆海域露莎卡 或梦想之地匹诺康尼 或苍穹战线格拉默 或奔狼的都蓝王朝,★★★★★,【躯干】暴击伤害【脚部】速度【位面球】量子属性伤害提高【连结绳】攻击力,速度>暴击/暴击伤害>攻击力>效果命中
远坂凛,1,繁星璀璨的天才 四件套 或识海迷坠的学者 四件套,天国@直播间 或繁星竞技场,★★★★★,【躯干】暴击率【脚部】速度【位面球】量子属性伤害提高【连结绳】能量恢复,暴击=暴伤>攻击力>速度
遐蝶,1,哀歌覆国的诗人 四件套 或宝命长存的莳者 四件套,谧宁拾骨地,★★★★★,【躯干】暴击率/暴击伤害/生命值【脚部】生命值【位面球】生命值/量子属性伤害提高【连结绳】生命值,暴击率=暴击伤害=生命
那刻夏,1,晨昏交界的翔鹰 四件套 或识海迷坠的学者 四件套,繁星竞技场 或出云显世与高天神国,★★★★★,【躯干】暴击率/暴击伤害【脚部】速度/攻击力【位面球】风属性伤害提高【连结绳】攻击力/能量恢复效率,速度>暴击=暴伤=攻击力
那刻夏,2,繁星璀璨的天才 四件套 或死水深潜的先驱 四件套,沉陆海域露莎卡 或生命的翁瓦克,★★★★,【躯干】暴击率/暴击伤害【脚部】速度/攻击力【位面球】风属性伤害提高【连结绳】攻击力/能量恢复效率,速度>暴击=暴伤=攻击力
银枝,1,街头出身的拳王 四件套,停转的萨尔索图 或无主荒星茨冈尼亚,★★★★★,【躯干】暴击/暴伤【脚部】攻击/速度【位面球】物理属性伤害【连结绳】攻击/能量回复效率,暴击=暴伤＞攻击力＞速度
银狼,1,繁星璀璨的天才 四件套 或死水深潜的先驱 四件套,泛银河商业公司 或折断的龙骨 或梦想之地匹诺康尼 或沉陆海域露莎卡 或,★★★★★,【躯干】暴击/暴伤【脚部】速度【位面球】量子伤【连结绳】能量/攻击,速度=效果命中＞双暴=击破
银狼LV.999,1,闪耀功勋的魔法少女,零号关卡朋克洛德 或奇想蕉乐园,★★★★★,【躯干】暴击率/爆伤伤害【脚部】速度【位面球】生命值【连结绳】生命值,速度>暴击=暴伤
镜流,1,密林卧雪的猎人 四件套 或识海迷坠的学者 四件套,繁星竞技场,★★★★★,【躯干】暴击伤害【脚部】攻击/速度 【位面球】冰伤【连结绳】能量效率/攻击,暴击伤害=暴击率>速度>攻击力
长夜月,1,再创天地的救世主,谧宁拾骨地 或妖精织梦的乐园 或奇想蕉乐园,★★★★★,【躯干】暴击伤害【脚部】速度【位面球】冰属性伤害提高/生命值【连结绳】生命值/能量恢复,暴击=暴伤>速度>生命值
阮•梅,1,骇域漫游的信使 四件套 或机心戏梦的钟表匠 四件套 或骇域漫游的信使 二件套 加机心戏梦的钟表匠 二件套,生命的翁瓦克 或盗贼公国塔利亚 或不老者的仙舟 或折断的龙骨,★★★★★,【躯干】生命/防御【脚部】速度【位面球】生命/防御【连结绳】能量恢复效率/击破特攻,速度>击破特攻>生命&防御
阿兰,1,识海迷坠的学者,太空封印站 或苍穹战线格拉默,★★★★★,【躯干】暴击率/暴击伤害【脚部】速度【位面球】雷属性伤害【连结绳】攻击力,暴击=爆伤>速度>攻击力
阿兰,2,激奏雷电的乐队 四件套,太空封印站 或繁星竞技场,★★★★★,【躯干】暴击率/暴击伤害【脚部】速度【位面球】雷属性伤害【连结绳】攻击力,双暴>速度>攻击力
阿格莱雅,1,凯歌祝捷的英豪 四件套 或野穗伴行的快枪手 四件套,奇想蕉乐园 或繁星竞技场,★★★★★,【躯干】暴击率/暴击伤害【脚部】速度【位面球】雷属性伤害提高【连结绳】能量恢复效率/攻击力,暴击率>暴击伤害=速度=攻击力
雪衣,1,繁星璀璨的天才,停转的萨尔索图 或盗贼公国塔利亚,★★★★★,【躯干】暴击/暴伤【脚部】攻击/速度 【位面球】攻击/量子伤害【连结绳】击破/能量,暴击/暴伤>击破特攻=攻击力>速度
青雀,1,繁星璀璨的天才 四件套 或野穗伴行的快枪手,繁星竞技场 或停转的萨尔索图,★★★★★,【躯干】暴击【脚部】速度 【位面球】量子/攻击【连结绳】攻击,暴击率=爆伤>速度≈攻击
风堇,1,烈阳惊雷的女武神 四件套,渊思寂虑的巨树,★★★★★,【躯干】治疗量加成/生命值/暴击伤害【脚部】速度【位面球】生命值【连结绳】能量恢复,速度>生命>暴击伤害
风堇,2,重循苦旅的司铎 二件套 加骇域漫游的信使 二件套 或云无留迹的过客 二件套 加骇域漫游的信使 二件套,渊思寂虑的巨树,★★★★★,【躯干】治疗量加成/生命值/暴击伤害【脚部】速度【位面球】生命值【连结绳】能量恢复,速度>生命>暴击伤害
飞霄,1,风举云飞的勇烈 四件套 或晨昏交界的翔鹰 四件套,奔狼的都蓝王朝 或停转的萨尔索图 或出云显世与高天神国,★★★★★,【躯干】暴击率/暴击伤害【脚部】速度/攻击力百分比【位面球】风属性伤害提高【连结绳】攻击力百分比,暴击率≈暴击伤害>攻击力百分比>速度
驭空,1,骇域漫游的信使 二件套 加野穗伴行的快枪手 二件套 或重循苦旅的司铎 二件套,生命的翁瓦克 或不老者的仙舟 或折断的龙骨 或梦想之地匹诺康尼,★★★★★,【躯干】生命/防御【脚部】速度【位面球】生命/防御【连结绳】能量恢复效率,速度≈暴击≈爆伤≈攻击>其他
黄泉,1,死水深潜的先驱 四件套,出云显世与高天神国 或停转的萨尔索图,★★★★★,【躯干】暴击率/暴击伤害/攻击力【脚部】攻击力/速度【位面球】雷属性伤害/攻击力【连结绳】攻击力,速度【中速】＞双暴=攻击＞速度【低速】
黑塔,1,密林卧雪的猎人 四件套 或毁烬焚骨的大公 四件套,停转的萨尔索图 或奔狼的都蓝王朝,★★★★★,【躯干】双暴【脚部】攻击力/速度【位面球】冰属性伤害【连结绳】攻击力,双暴>攻击力>速度
黑天鹅,1,幽锁深牢的系囚 四件套 或死水深潜的先驱 二件套 加幽锁深牢的系囚 二件套,泛银河商业公司 或沉欢醉饮的海隅 或苍穹战线格拉默,★★★★★,【躯干】效果命中/攻击力【脚部】速度【位面球】风属性伤害【连结绳】攻击力,效果命中【120%】＞攻击＞速度
