角色名,位置,推荐角色
Archer,主C,Archer
Archer,副C,赛飞儿
Archer,副C,开拓者•记忆
Archer,副C,银狼
Archer,辅助,花火
Archer,辅助,佩拉
Archer,辅助,阮•梅
Archer,辅助,星期日
Archer,辅助,椒丘
Archer,生存/辅助,缇宝
Archer,生存/辅助,加拉赫
Archer,生存/辅助,风堇
Archer,生存/辅助,罗刹
Saber,主C,Saber
Saber,辅助,缇宝
Saber,辅助,开拓者•记忆
Saber,辅助,知更鸟
Saber,辅助,停云
Saber,生存,藿藿
万敌,主C,万敌
万敌,拉条辅助,星期日
万敌,拉条辅助,开拓者•记忆
万敌,拉条辅助,布洛妮娅
万敌,拉条辅助,花火
万敌,光环/负面辅助,缇宝
万敌,光环/负面辅助,阮•梅
万敌,光环/负面辅助,椒丘
万敌,光环/负面辅助,佩拉
万敌,生存,藿藿
万敌,生存,罗刹
万敌,生存,加拉赫
三月七,主C,云璃
三月七,主C,克拉拉
三月七,主C,真理医生
三月七,副C/辅助,托帕&账账
三月七,副C/辅助,花火
三月七,副C/辅助,云璃
三月七,辅助,知更鸟
三月七,辅助,停云
三月七,辅助,砂金
三月七,辅助,阮•梅
三月七,生存,三月七
不死途,主C,不死途
不死途,辅助/副C,星期日
不死途,辅助/副C,飞霄
不死途,辅助/副C,缇宝
不死途,辅助/副C,赛飞儿
不死途,生存,丹恒•腾荒
丹恒,主C,丹恒
丹恒,副C,瓦尔特
丹恒,副C,椒丘
丹恒,辅助,布洛妮娅
丹恒,辅助,花火
丹恒,生存,罗刹
丹恒,生存,藿藿
丹恒•腾荒,主C,白厄
丹恒•腾荒,主C,那刻夏
丹恒•腾荒,主C,大黑塔
丹恒•腾荒,主C,彦卿
丹恒•腾荒,辅助,星期日
丹恒•腾荒,辅助,布洛妮娅
丹恒•腾荒,辅助,刻律德菈
丹恒•腾荒,辅助,开拓者•记忆
丹恒•腾荒,生存,丹恒•腾荒
丹恒•饮月,主C,丹恒•饮月
丹恒•饮月,辅助,停云
丹恒•饮月,辅助,阮•梅
丹恒•饮月,辅助,花火
丹恒•饮月,辅助,寒鸦
丹恒•饮月,生存,罗刹
丹恒•饮月,生存,加拉赫
乱破,主C,乱破
乱破,主C/辅C,阮•梅
乱破,主C/辅C,仙舟三月七
乱破,辅助,开拓者•同谐
乱破,辅助,忘归人
乱破,生存,灵砂
乱破,生存,加拉赫
云璃,主C,云璃
云璃,主C/辅助,花火
云璃,主C/辅助,托帕&账账
云璃,主C/辅助,仙舟三月七
云璃,辅助,知更鸟
云璃,辅助,停云
云璃,辅助,艾丝妲
云璃,生存,藿藿
云璃,生存,砂金
云璃,生存,玲可
仙舟三月七,双C,飞霄
仙舟三月七,双C,托帕&账账
仙舟三月七,双C,仙舟三月七
仙舟三月七,辅助,知更鸟
仙舟三月七,辅助,阮•梅
仙舟三月七,生存,砂金
仙舟三月七,生存,藿藿
佩拉,主C,青雀
佩拉,主C,真理医生
佩拉,主C,镜流
佩拉,主C,黄泉
佩拉,辅助/副C,佩拉
佩拉,辅助,停云
佩拉,辅助,银狼
佩拉,辅助,阮•梅
佩拉,辅助,布洛妮娅
佩拉,辅助,椒丘
佩拉,辅助,桂乃芬
佩拉,生存,加拉赫
佩拉,生存,藿藿
佩拉,生存,砂金
佩拉,生存,罗刹
佩拉,生存,符玄
停云,主C,黑塔
停云,主C,景元
停云,主C,丹恒•饮月
停云,主C,卡芙卡
停云,主C,银枝
停云,辅助,停云
停云,辅助,艾丝妲
停云,辅助,花火
停云,辅助,阮•梅
停云,辅助,布洛妮娅
停云,生存,加拉赫
停云,生存,藿藿
停云,生存,罗刹
停云,生存,符玄
停云,生存,白露
克拉拉,主C,克拉拉
克拉拉,拉条辅助,飞霄
克拉拉,拉条辅助,仙舟三月七
克拉拉,辅助,知更鸟
克拉拉,辅助,停云
克拉拉,辅助,藿藿
克拉拉,辅助,加拉赫
刃,主C,刃
刃,辅助,缇宝
刃,辅助,停云
刃,辅C/辅助,翡翠
刃,辅C/辅助,开拓者•记忆
刃,生存,符玄
刃,生存,玲可
刻律德菈,主C,白厄
刻律德菈,主C,那刻夏
刻律德菈,主C,Archer
刻律德菈,辅助,刻律德菈
刻律德菈,辅助,星期日
刻律德菈,辅助,开拓者•记忆
刻律德菈,辅助,花火
刻律德菈,辅助,布洛妮娅
刻律德菈,生存,藿藿
加拉赫,主C,流萤
加拉赫,主C,黄泉
加拉赫,主C,真理医生
加拉赫,主C,雪衣
加拉赫,辅助,开拓者•同谐
加拉赫,辅助,忘归人
加拉赫,辅助,花火
加拉赫,辅助,布洛妮娅
加拉赫,辅助,托帕&账账
加拉赫,辅助,阮•梅
加拉赫,辅助,佩拉
加拉赫,辅助,知更鸟
加拉赫,辅助,银狼
加拉赫,辅助,停云
加拉赫,生存,加拉赫
千冶•刃,主C,不死途
千冶•刃,主C,黄泉
千冶•刃,辅助,缇宝
千冶•刃,辅助,千冶•刃
千冶•刃,生存,藿藿
千冶•刃,生存,灵砂
卡芙卡,主C,卡芙卡
卡芙卡,辅助/副C,黑天鹅
卡芙卡,辅助/副C,桑博
卡芙卡,辅助/副C,桂乃芬
卡芙卡,辅助,椒丘
卡芙卡,辅助,阮•梅
卡芙卡,辅助,艾丝妲
卡芙卡,生存,藿藿
卡芙卡,生存,罗刹
卡芙卡,生存,加拉赫
卢卡,主C,素裳
卢卡,主C,卡芙卡
卢卡,主C,波提欧
卢卡,辅助,开拓者•同谐
卢卡,辅助,停云
卢卡,辅助,阮•梅
卢卡,副C,卢卡
卢卡,生存,加拉赫
卢卡,生存,罗刹
卢卡,生存,藿藿
卢卡,生存,娜塔莎
吉尔伽美什,主C,Saber
吉尔伽美什,副C,吉尔伽美什
吉尔伽美什,辅助,缇宝
吉尔伽美什,生存,藿藿
吉尔伽美什,主C,吉尔伽美什
吉尔伽美什,辅助,开拓者·记忆
吉尔伽美什,辅助,缇宝
吉尔伽美什,生存,藿藿
大丽花,主C,流萤
大丽花,主C,乱破
大丽花,主C,波提欧
大丽花,副C,大丽花
大丽花,辅助,忘归人
大丽花,辅助,开拓者•同谐
大丽花,生存,灵砂
大丽花,生存,开拓者•同谐
大黑塔,主C,大黑塔
大黑塔,智识副C,翡翠
大黑塔,智识副C,黑塔
大黑塔,智识副C,希露瓦
大黑塔,辅助,缇宝
大黑塔,辅助,知更鸟
大黑塔,辅助,阮•梅
大黑塔,辅助,佩拉
大黑塔,辅助,开拓者•记忆
大黑塔,生存,灵砂
大黑塔,生存,加拉赫
大黑塔,生存,藿藿
姬子,主C,姬子
姬子,辅C,翡翠
姬子,辅C,虎克
姬子,辅助,知更鸟
姬子,辅助,黑塔
姬子,辅助,艾丝妲
姬子,生存,砂金
姬子,生存,加拉赫
姬子•启行,主C,姬子•启行
姬子•启行,辅助,千冶•刃
姬子•启行,辅助,花火
姬子•启行,辅助,缇宝
姬子•启行,生存,丹恒•腾荒
娜塔莎,主C,任意主C
娜塔莎,主C,主C
娜塔莎,主C,素裳
娜塔莎,辅助,任意辅助
娜塔莎,辅助,开拓者•毁灭
娜塔莎,辅助,任意辅助
娜塔莎,辅助,辅助
娜塔莎,辅助,银狼
娜塔莎,生存,娜塔莎
娜塔莎,生存,生存
寒鸦,主C,银枝
寒鸦,主C,丹恒•饮月
寒鸦,副C,寒鸦
寒鸦,辅助,布洛妮娅
寒鸦,辅助,停云
寒鸦,辅助,驭空
寒鸦,生存,砂金
寒鸦,生存,罗刹
寒鸦,生存,藿藿
布洛妮娅,主C,镜流
布洛妮娅,主C,希儿
布洛妮娅,主C,素裳
布洛妮娅,辅助位,布洛妮娅
布洛妮娅,辅助位,阮•梅
布洛妮娅,辅助位,佩拉
布洛妮娅,辅助位,停云
布洛妮娅,生存,藿藿
布洛妮娅,生存,罗刹
布洛妮娅,生存,加拉赫
希儿,主C,希儿
希儿,辅助,花火
希儿,辅助,布洛妮娅
希儿,辅助,开拓者•记忆
希儿,辅助,知更鸟
希儿,辅助,银狼
希儿,辅助,停云
希儿,生存,符玄
希儿,生存,玲可
希露瓦,主C,大黑塔
希露瓦,主C,黑塔
希露瓦,副C,希露瓦
希露瓦,辅助,知更鸟
希露瓦,辅助,开拓者•记忆
希露瓦,生存,灵砂
希露瓦,生存,加拉赫
开拓者•同谐,主C,流萤
开拓者•同谐,主C,雪衣
开拓者•同谐,主C,姬子
开拓者•同谐,超击破核心,开拓者•同谐
开拓者•同谐,辅助,阮•梅
开拓者•同谐,辅助,停云
开拓者•同谐,生存,灵砂
开拓者•同谐,生存,加拉赫
开拓者•同谐,生存,砂金
开拓者•存护,主C,黄泉
开拓者•存护,主C,仙舟三月七
开拓者•存护,副C,银狼
开拓者•存护,副C,貊泽
开拓者•存护,辅助,佩拉
开拓者•存护,辅助,驭空
开拓者•存护,生存,开拓者•存护
开拓者•欢愉,主C,银狼LV.999
开拓者•欢愉,主C,火花
开拓者•欢愉,辅助,开拓者•欢愉
开拓者•欢愉,辅助,火花
开拓者•欢愉,辅助,花火
开拓者•欢愉,生存,风堇
开拓者•欢愉,生存,藿藿
开拓者·毁灭,主C,开拓者•毁灭
开拓者·毁灭,辅助,仙舟三月七
开拓者·毁灭,辅助,翡翠
开拓者·毁灭,辅助,停云
开拓者·毁灭,辅助,知更鸟
开拓者·毁灭,生存,砂金
开拓者·毁灭,生存,加拉赫
开拓者·毁灭,生存,娜塔莎
开拓者•记忆,主C,大黑塔
开拓者•记忆,主C,青雀
开拓者•记忆,辅助,开拓者•记忆
开拓者•记忆,副C,黑塔
开拓者•记忆,副C,寒鸦
开拓者•记忆,生存,藿藿
开拓者•记忆,生存,加拉赫
彦卿,主C,彦卿
彦卿,辅c,仙舟三月七
彦卿,辅助,知更鸟
彦卿,辅助,停云
彦卿,生存,砂金
彦卿,生存,加拉赫
忘归人,主C,流萤
忘归人,主C,乱破
忘归人,主C,波提欧
忘归人,主C,开拓者•同谐
忘归人,辅助,忘归人
忘归人,辅助,阮•梅
忘归人,辅助,布洛妮娅
忘归人,辅助,花火
忘归人,辅助,艾丝妲
忘归人,生存,加拉赫
忘归人,生存,藿藿
忘归人,生存,灵砂
托帕&账账,双C,飞霄
托帕&账账,双C,真理医生
托帕&账账,双C,云璃
托帕&账账,双C,黑塔
托帕&账账,双C,托帕&账账
托帕&账账,辅助,知更鸟
托帕&账账,辅助,阮•梅
托帕&账账,辅助,停云
托帕&账账,辅助,佩拉
托帕&账账,生存,砂金
托帕&账账,生存,藿藿
托帕&账账,生存,加拉赫
昔涟,主C,遐蝶
昔涟,主C,白厄
昔涟,主C,万敌
昔涟,主C,阿格莱雅
昔涟,主C,那刻夏
昔涟,辅助,昔涟
昔涟,辅助,长夜月
昔涟,辅助,刻律德菈
昔涟,辅助,缇宝
昔涟,辅助,星期日
昔涟,生存,风堇
昔涟,生存,丹恒•腾荒
星期日,主C,景元
星期日,主C,黄泉
星期日,主C,阿格莱雅
星期日,主C,丹恒
星期日,辅助,星期日
星期日,辅助,知更鸟
星期日,辅助,椒丘
星期日,辅助,开拓者•记忆
星期日,生存,藿藿
星期日,生存,砂金
星期日,生存,娜塔莎
景元,主C,景元
景元,副C/辅助,托帕&账账
景元,副C/辅助,星期日
景元,副C/辅助,佩拉
景元,光环/负面辅助,知更鸟
景元,光环/负面辅助,阮•梅
景元,光环/负面辅助,停云
景元,生存,砂金
景元,生存,藿藿
景元,生存,符玄
景元,生存,加拉赫
杰帕德,主C,黄泉
杰帕德,主C,阿兰
杰帕德,辅助,佩拉
杰帕德,辅助,停云
杰帕德,副C,银狼
杰帕德,副C,开拓者•记忆
杰帕德,生存,杰帕德
桂乃芬,主C,卡芙卡
桂乃芬,主C,黑天鹅
桂乃芬,主C,桑博
桂乃芬,副c,桂乃芬
桂乃芬,辅助,椒丘
桂乃芬,辅助,阮•梅
桂乃芬,辅助,艾丝妲
桂乃芬,生存,藿藿
桂乃芬,生存,罗刹
桂乃芬,生存,加拉赫
桑博,主C,卡芙卡
桑博,主C,桂乃芬
桑博,辅助,阮•梅
桑博,辅助,艾丝妲
桑博,副C,桑博
桑博,生存,藿藿
桑博,生存,罗刹
桑博,生存,加拉赫
椒丘,主C,黄泉
椒丘,辅助,椒丘
椒丘,辅助,佩拉
椒丘,辅助,花火
椒丘,辅助,桂乃芬
椒丘,辅助,艾丝妲
椒丘,生存,符玄
椒丘,生存,砂金
椒丘,生存,加拉赫
波提欧,主C,波提欧
波提欧,辅助,阮•梅
波提欧,辅助,花火
波提欧,辅助,艾丝妲
波提欧,辅助,忘归人
波提欧,辅助,星期日
波提欧,辅助,开拓者•同谐
波提欧,生存,灵砂
波提欧,生存,娜塔莎
流萤,主C,流萤
流萤,辅助,开拓者•同谐
流萤,辅助,忘归人
流萤,辅助,阮•梅
流萤,辅助,艾丝妲
流萤,辅助,花火
流萤,辅助,布洛妮娅
流萤,生存,加拉赫
流萤,生存,藿藿
流萤,生存,灵砂
海瑟音,主C,海瑟音
海瑟音,副C,卡芙卡
海瑟音,辅助,黑天鹅
海瑟音,辅助,阮•梅
海瑟音,辅助,缇宝
海瑟音,生存,风堇
海瑟音,生存,藿藿
火花,主C,火花
火花,辅助,爻光
火花,辅助,花火
火花,辅助,欢愉角色
火花,生存,丹恒•腾荒
火花,生存,藿藿
灵砂,主C,流萤
灵砂,主C,雪衣
灵砂,辅助,开拓者•同谐
灵砂,辅助,忘归人
灵砂,辅助,阮•梅
灵砂,辅助,仙舟三月七
灵砂,生存,灵砂
爻光,主C,Archer
爻光,辅助,花火
爻光,辅助,爻光
爻光,生存,丹恒•腾荒
玲可,主C,刃
玲可,主C,希儿
玲可,主C,青雀
玲可,辅助,花火
玲可,辅助,停云
玲可,辅助,阮•梅
玲可,辅助,驭空
玲可,辅助,银狼
玲可,生存,玲可
瓦尔特,主C,黄泉
瓦尔特,副C/辅助,瓦尔特
瓦尔特,辅助,花火
瓦尔特,生存,砂金
瓦尔特,主C,瓦尔特
瓦尔特,辅助,星期日
瓦尔特,辅助,刻律德菈
瓦尔特,生存,丹恒•腾荒
白厄,主C,白厄
白厄,拉条辅助,星期日
白厄,拉条辅助,布洛妮娅
白厄,拉条辅助,花火
白厄,辅助,缇宝
白厄,辅助,知更鸟
白厄,辅助,阮•梅
白厄,辅助,藿藿
白露,主C,万敌
白露,主C,镜流
白露,主C,刃
白露,主C,克拉拉
白露,辅助,任意
白露,辅助,任意
白露,生存,白露
真珠,主C,银狼LV.999
真珠,主C,绯英
真珠,主C,砂金•戏浪
真珠,辅助,爻光
真珠,辅助,火花
真珠,辅助,开拓者•欢愉
真珠,生存,真珠
真理医生,主C,真理医生
真理医生,副C,托帕&账账
真理医生,副C,停云
真理医生,辅助,知更鸟
真理医生,辅助,阮•梅
真理医生,辅助,佩拉
真理医生,生存,砂金
真理医生,生存,藿藿
真理医生,生存,加拉赫
知更鸟,主C,飞霄
知更鸟,主C,真理医生
知更鸟,主C,云璃
知更鸟,主C,卡芙卡
知更鸟,主C,阿格莱雅
知更鸟,主C,黑塔
知更鸟,主C/辅助,托帕&账账
知更鸟,主C/辅助,星期日
知更鸟,主C/辅助,停云
知更鸟,主C/辅助,黑天鹅
知更鸟,辅助,知更鸟
知更鸟,生存,砂金
知更鸟,生存,藿藿
知更鸟,生存,加拉赫
知更鸟•晴歌,主C,遐蝶
知更鸟•晴歌,主C,不死途
知更鸟•晴歌,主C,Saber
知更鸟•晴歌,主C,大黑塔
知更鸟•晴歌,主C,Archer
知更鸟•晴歌,主C,姬子•启行
知更鸟•晴歌,辅助,知更鸟•晴歌
知更鸟•晴歌,副C/辅助,长夜月
知更鸟•晴歌,副C/辅助,千冶•刃
知更鸟•晴歌,副C/辅助,吉尔伽美什
知更鸟•晴歌,副C/辅助,那刻夏
知更鸟•晴歌,副C/辅助,远坂凛
知更鸟•晴歌,副C/辅助,瓦尔特
知更鸟•晴歌,副C/辅助,开拓者•记忆
知更鸟•晴歌,生存/辅助,风堇
知更鸟•晴歌,生存/辅助,藿藿
知更鸟•晴歌,生存/辅助,丹恒•腾荒
知更鸟•晴歌,主C,长夜月
知更鸟•晴歌,主C,海瑟音
知更鸟•晴歌,主C,白厄
知更鸟•晴歌,辅助,知更鸟•晴歌
知更鸟•晴歌,副C/辅助,昔涟
知更鸟•晴歌,副C/辅助,黑天鹅
知更鸟•晴歌,副C/辅助,花火
知更鸟•晴歌,生存/辅助,开拓者•记忆
知更鸟•晴歌,生存/辅助,卡芙卡
知更鸟•晴歌,生存/辅助,刻律德菈
知更鸟•晴歌,生存/辅助,星期日
知更鸟•晴歌,生存/辅助,布洛妮娅
砂金,主C,飞霄
砂金,主C,真理医生
砂金,主C,云璃
砂金,主C,阿兰
砂金,辅助,托帕&账账
砂金,辅助,仙舟三月七
砂金,辅助,知更鸟
砂金,辅助,阮•梅
砂金,辅助,停云
砂金,辅助,佩拉
砂金,生存,砂金
砂金•戏浪,主C,砂金•戏浪
砂金•戏浪,辅助/辅C,不死途
砂金•戏浪,辅助/辅C,爻光
砂金•戏浪,辅助/辅C,千冶•刃
砂金•戏浪,辅助/辅C,知更鸟•晴歌
砂金•戏浪,生存,藿藿
砂金•戏浪,生存,风堇
符玄,主C,希儿
符玄,主C,青雀
符玄,辅助,花火
符玄,辅助,停云
符玄,辅助,银狼
符玄,辅助,佩拉
符玄,生存,符玄
米沙,主C,米沙
米沙,辅助,佩拉
米沙,辅助,花火
米沙,辅助,停云
米沙,辅助,阮•梅
米沙,生存,加拉赫
米沙,生存,藿藿
素裳,主C,素裳
素裳,辅助,开拓者•记忆
素裳,辅助,知更鸟
素裳,辅助,开拓者•同谐
素裳,辅助,佩拉
素裳,辅助,停云
素裳,辅助,阮•梅
素裳,辅助,花火
素裳,辅助,布洛妮娅
素裳,辅助,银狼
素裳,生存,娜塔莎
素裳,生存,藿藿
绯英,主C,绯英
绯英,辅助,爻光
绯英,辅助,缇宝
绯英,辅助,花火
绯英,辅助,开拓者•欢愉
绯英,辅助,星期日
绯英,辅助,停云
绯英,生存,风堇
绯英,生存,藿藿
绯英,生存,符玄
绯英,生存,丹恒•腾荒
缇宝,主C,大黑塔
缇宝,主C,希露瓦
缇宝,辅助,缇宝
缇宝,辅C,翡翠
缇宝,辅C,开拓者•记忆
缇宝,生存,灵砂
缇宝,生存,加拉赫
罗刹,主C,阿格莱雅
罗刹,主C,雪衣
罗刹,辅助,星期日
罗刹,辅助,驭空
罗刹,副C,开拓者•记忆
罗刹,副C,仙舟三月七
罗刹,生存,罗刹
翡翠,主C,翡翠
翡翠,主C/辅助,姬子
翡翠,主C/辅助,大黑塔
翡翠,主C/辅助,黑塔
翡翠,辅助,知更鸟
翡翠,辅助,阮•梅
翡翠,辅助,花火
翡翠,辅助,开拓者•记忆
翡翠,生存,藿藿
翡翠,生存,砂金
翡翠,生存,灵砂
翡翠,生存,加拉赫
艾丝妲,主C,卡芙卡
艾丝妲,主C,黑塔
艾丝妲,副C,黑天鹅
艾丝妲,副C,桂乃芬
艾丝妲,副C,桑博
艾丝妲,副C,卢卡
艾丝妲,辅助,艾丝妲
艾丝妲,生存,藿藿
艾丝妲,生存,罗刹
艾丝妲,生存,娜塔莎
花火,主C,希儿
花火,主C,丹恒•饮月
花火,主C,黄泉
花火,主C,Archer
花火,主C,青雀
花火,辅助,花火
花火,辅助,银狼
花火,辅助,椒丘
花火,辅助,开拓者•记忆
花火,辅助,爻光
花火,生存,符玄
花火,生存,砂金
花火,生存,玲可
花火,生存,丹恒•腾荒
藿藿,主C,卡芙卡
藿藿,主C,银枝
藿藿,主C,景元
藿藿,主C,米沙
藿藿,主C/辅助,黑天鹅
藿藿,主C/辅助,桑博
藿藿,主C/辅助,停云
藿藿,辅助,阮•梅
藿藿,辅助,花火
藿藿,辅助,佩拉
藿藿,生存,藿藿
虎克,主C,虎克
虎克,辅助,艾丝妲
虎克,辅助,桂乃芬
虎克,辅助,阮•梅
虎克,生存,加拉赫
虎克,生存,藿藿
貊泽,主C,飞霄
貊泽,副C,貊泽
貊泽,辅助,知更鸟
貊泽,辅助,仙舟三月七
貊泽,生存,砂金
貊泽,生存,藿藿
赛飞儿,主C,黄泉
赛飞儿,主C,飞霄
赛飞儿,主C,遐蝶
赛飞儿,副C,赛飞儿
赛飞儿,光环/负面辅助,椒丘
赛飞儿,光环/负面辅助,知更鸟
赛飞儿,生存/辅助,砂金
赛飞儿,生存/辅助,藿藿
远坂凛,主C,远坂凛
远坂凛,辅C/辅助,Archer
远坂凛,辅C/辅助,刻律德菈
远坂凛,辅助,花火
远坂凛,生存,藿藿
遐蝶,主C,遐蝶
遐蝶,辅助/副C,开拓者•记忆
遐蝶,辅助/副C,万敌
遐蝶,辅助/副C,星期日
遐蝶,辅助,缇宝
遐蝶,辅助,阮•梅
遐蝶,辅助,佩拉
遐蝶,生存,罗刹
遐蝶,生存,加拉赫
遐蝶,生存,灵砂
遐蝶,生存,藿藿
遐蝶,生存,风堇
那刻夏,主C,大黑塔
那刻夏,副C,那刻夏
那刻夏,光环/负面辅助,缇宝
那刻夏,光环/负面辅助,开拓者•记忆
那刻夏,光环/负面辅助,星期日
那刻夏,光环/负面辅助,知更鸟
那刻夏,生存/辅助,藿藿
那刻夏,主C,那刻夏
那刻夏,辅助,星期日
那刻夏,辅助,开拓者•记忆
那刻夏,辅助,缇宝
那刻夏,辅助,知更鸟
那刻夏,生存/辅助,藿藿
银枝,主C,银枝
银枝,主C/辅助,翡翠
银枝,主C/辅助,花火
银枝,主C/辅助,布洛妮娅
银枝,主C/辅助,缇宝
银枝,辅助,阮•梅
银枝,辅助,知更鸟
银枝,辅助,停云
银枝,辅助,寒鸦
银枝,辅助,佩拉
银枝,生存,藿藿
银枝,生存,加拉赫
银狼,主C,希儿
银狼,主C,翡翠
银狼,主C,青雀
银狼,副C,银狼
银狼,辅助,花火
银狼,辅助,布洛妮娅
银狼,辅助,开拓者•记忆
银狼,生存,符玄
银狼,生存,玲可
银狼LV.999,主C,银狼LV.999
银狼LV.999,辅助,火花
银狼LV.999,辅助,爻光
银狼LV.999,辅助,爻光
银狼LV.999,辅助,开拓者•欢愉
银狼LV.999,辅助,缇宝
银狼LV.999,辅助,艾丝妲
银狼LV.999,生存,风堇
银狼LV.999,生存,丹恒•腾荒
银狼LV.999,生存,灵砂
银狼LV.999,生存,砂金
镜流,主C,镜流
镜流,辅助位,布洛妮娅
镜流,辅助位,花火
镜流,辅助位,停云
镜流,辅助位,阮•梅
镜流,辅助位,佩拉
镜流,生存,藿藿
镜流,生存,罗刹
镜流,生存,加拉赫
长夜月,主C,遐蝶
长夜月,辅助,长夜月
长夜月,辅助,缇宝
长夜月,生存,风堇
长夜月,主C,长夜月
长夜月,辅助,开拓者•记忆
长夜月,辅助,缇宝
长夜月,辅助,阮•梅
长夜月,生存,风堇
长夜月,生存,藿藿
长夜月,生存,加拉赫
阮•梅,主C,流萤
阮•梅,主C,波提欧
阮•梅,主C,雪衣
阮•梅,主C,镜流
阮•梅,主C,银枝
阮•梅,主C,景元
阮•梅,辅助,阮•梅
阮•梅,辅助,开拓者•同谐
阮•梅,辅助,忘归人
阮•梅,辅助,停云
阮•梅,生存,加拉赫
阮•梅,生存,灵砂
阿兰,主c,阿兰
阿兰,辅助,花火
阿兰,辅助,开拓者•记忆
阿兰,辅助,停云
阿兰,生存,娜塔莎
阿兰,生存,藿藿
阿格莱雅,主C,阿格莱雅
阿格莱雅,辅助,星期日
阿格莱雅,辅助,开拓者•记忆
阿格莱雅,辅助,知更鸟
阿格莱雅,辅助,停云
阿格莱雅,生存,藿藿
阿格莱雅,生存,加拉赫
雪衣,主C,希儿
雪衣,主C,青雀
雪衣,核心辅助,银狼
雪衣,副C,雪衣
雪衣,生存,符玄
雪衣,生存,玲可
青雀,主C,青雀
青雀,辅助,花火
青雀,辅助,停云
青雀,辅助,星期日
青雀,辅助,佩拉
青雀,辅助,寒鸦
青雀,生存,符玄
青雀,生存,玲可
风堇,主C,遐蝶
风堇,主C,万敌
风堇,主C,刃
风堇,辅助/副C,开拓者•记忆
风堇,辅助/副C,星期日
风堇,辅助,缇宝
风堇,生存,风堇
飞霄,主C,飞霄
飞霄,副C,托帕&账账
飞霄,副C,仙舟三月七
飞霄,副C,貊泽
飞霄,辅助,知更鸟
飞霄,辅助,阮•梅
飞霄,生存,砂金
飞霄,生存,加拉赫
驭空,主C,丹恒•饮月
驭空,主C,丹恒
驭空,主C,瓦尔特
驭空,主C,希儿
驭空,辅助,开拓者•记忆
驭空,辅助,花火
驭空,辅助,银狼
驭空,副C/辅助,驭空
驭空,生存,娜塔莎
驭空,生存,罗刹
驭空,生存,藿藿
黄泉,主C,黄泉
黄泉,辅助,花火
黄泉,辅助,布洛妮娅
黄泉,辅助,卡芙卡
黄泉,辅助,椒丘
黄泉,辅助,佩拉
黄泉,辅助,黑天鹅
黄泉,生存,符玄
黄泉,生存,加拉赫
黄泉,生存,藿藿
黑塔,主C,姬子
黑塔,主C,大黑塔
黑塔,主C,黑塔
黑塔,辅助,阮•梅
黑塔,辅助,知更鸟
黑塔,辅助,佩拉
黑塔,生存,藿藿
黑塔,生存,灵砂
黑塔,生存,砂金
黑天鹅,主C,黑天鹅
黑天鹅,主C,卡芙卡
黑天鹅,主C,桑博
黑天鹅,主C,桂乃芬
黑天鹅,辅助,椒丘
黑天鹅,辅助,阮•梅
黑天鹅,辅助,艾丝妲
黑天鹅,生存,藿藿
黑天鹅,生存,加拉赫
